NAMELSAD,beta_all,beta_top_2,beta_top_3,beta_top_4,beta_top_5,beta_top_6,beta_top_7,beta_top_8,beta_top_9,beta_top_10,beta_top_11,beta_top_12,beta_top_13,beta_top_14,beta_top_15,avg_beta_2_to_4,count_centers
"Abilene, TX Metro Area",,,,,,,,,,,,,,,,,1
"Akron, OH Metro Area",-1.3029877990532548,-3.56477251376721,-0.8183814512343303,-1.0417847552216344,-1.2024383739889168,-1.3029877990532548,,,,,,,,,,-1.8083129067410582,6
"Albany, GA Metro Area",,,,,,,,,,,,,,,,,1
"Albany-Lebanon, OR Metro Area",,,,,,,,,,,,,,,,,1
"Albany-Schenectady-Troy, NY Metro Area",-1.1724190122536007,-1.291231696155175,-0.8537042017246435,-1.0547290351571372,-1.0710720644807195,-1.172419012253601,,,,,,,,,,-1.0665549776789853,6
"Albuquerque, NM Metro Area",-1.4466920604295779,-1.1171965293367823,-0.7218890624237957,-0.9045259499699867,-1.1043264315036416,-1.3088858002936752,-1.4466920604295797,,,,,,,,,-0.914537180576855,7
"Alexandria, LA Metro Area",,,,,,,,,,,,,,,,,1
"Allentown-Bethlehem-Easton, PA-NJ Metro Area",-0.3219312631863548,-0.3219312631863548,,,,,,,,,,,,,,,2
"Altoona, PA Metro Area",-0.3745455078746507,-0.3745455078746507,,,,,,,,,,,,,,,2
"Amarillo, TX Metro Area",,,,,,,,,,,,,,,,,1
"Ames, IA Metro Area",,,,,,,,,,,,,,,,,1
"Ann Arbor, MI Metro Area",,,,,,,,,,,,,,,,,1
"Anniston-Oxford, AL Metro Area",,,,,,,,,,,,,,,,,1
"Appleton, WI Metro Area",,,,,,,,,,,,,,,,,1
"Asheville, NC Metro Area",-0.2852601028550801,-0.2852601028550801,,,,,,,,,,,,,,,2
"Athens-Clarke County, GA Metro Area",,,,,,,,,,,,,,,,,1
"Atlanta-Sandy Springs-Alpharetta, GA Metro Area",-3.9678154683467777,-0.39414098241205986,-0.5824154151201802,-0.7769368754146542,-0.9734284409306782,-1.2009327949995026,-1.4292403197605545,-1.6602062546143688,-1.925415636856065,-2.1884755923012547,-2.445908545510499,-2.7007261772708624,-2.9526618535976143,-3.2161931934928765,-3.480716984549283,-0.5844977576489647,17
"Atlantic City-Hammonton, NJ Metro Area",,,,,,,,,,,,,,,,,1
"Auburn-Opelika, AL Metro Area",-1.1068121080317888,-1.106812108031785,,,,,,,,,,,,,,,2
"Augusta-Richmond County, GA-SC Metro Area",,,,,,,,,,,,,,,,,1
"Austin-Round Rock-Georgetown, TX Metro Area",-2.2666959324938416,-3.4218378673143066,-2.5804546333484946,-1.3417287442146884,-1.5230462627620183,-1.7289114148978764,-1.9532488294543786,-2.1483166849104376,-2.266695932493843,,,,,,,-2.4480070816258297,9
"Bakersfield, CA Metro Area",-0.8235105950744706,-5.420015402865406,-0.6445922236656663,-0.823510595074471,,,,,,,,,,,,-2.296039407201848,4
"Baltimore-Columbia-Towson, MD Metro Area",-1.7198741747753616,-0.2967731746903678,-0.4448839045464226,-0.6026191708065374,-0.7603593151266266,-0.9217685310456498,-1.091959723038729,-1.2656321080877642,-1.477321214005657,-1.7198741747753616,,,,,,-0.44809208334777595,10
"Bangor, ME Metro Area",,,,,,,,,,,,,,,,,1
"Barnstable Town, MA Metro Area",,,,,,,,,,,,,,,,,1
"Baton Rouge, LA Metro Area",-1.018409159554017,-3.0994201248984092,-0.7202553133935184,-0.8948665667592797,-1.018409159554017,,,,,,,,,,,-1.5715140016837357,5
"Battle Creek, MI Metro Area",-0.3975282055199055,-0.3975282055199055,,,,,,,,,,,,,,,2
"Bay City, MI Metro Area",,,,,,,,,,,,,,,,,1
"Beaumont-Port Arthur, TX Metro Area",-0.8341705977282018,-0.4218137675638846,-0.6246344169454783,-0.8341705977282012,,,,,,,,,,,,-0.6268729274125214,4
"Beckley, WV Metro Area",,,,,,,,,,,,,,,,,1
"Bellingham, WA Metro Area",,,,,,,,,,,,,,,,,1
"Bend, OR Metro Area",,,,,,,,,,,,,,,,,1
"Billings, MT Metro Area",-0.775532384291121,-0.564996559343814,-0.7755323842911226,,,,,,,,,,,,,,3
"Binghamton, NY Metro Area",-0.8984896502027225,-0.727247643678344,-0.8984896502027215,,,,,,,,,,,,,,3
"Birmingham-Hoover, AL Metro Area",-0.7347910016805186,-0.3891148855949147,-0.559110037113795,-0.7347910016805187,,,,,,,,,,,,-0.5610053081297428,4
"Bismarck, ND Metro Area",,,,,,,,,,,,,,,,,1
"Blacksburg-Christiansburg, VA Metro Area",,,,,,,,,,,,,,,,,1
"Bloomington, IL Metro Area",,,,,,,,,,,,,,,,,1
"Bloomington, IN Metro Area",,,,,,,,,,,,,,,,,1
"Boise City, ID Metro Area",-0.952018615334957,-0.4731543846533794,-0.7088741749555855,-0.9520186153349566,,,,,,,,,,,,-0.7113490583146405,4
"Boston-Cambridge-Newton, MA-NH Metro Area",-1.7674395214201923,-0.37958017625662555,-0.5662435673761008,-0.7342480633744555,-0.9047975408132864,-1.0739553783998839,-1.2459351417309983,-1.421484266798386,-1.603590427800245,-1.7674395214201934,,,,,,-0.5600239356690606,10
"Boulder, CO Metro Area",-0.4033753781514296,-0.40337537815142976,,,,,,,,,,,,,,,2
"Bowling Green, KY Metro Area",,,,,,,,,,,,,,,,,1
"Bremerton-Silverdale-Port Orchard, WA Metro Area",,,,,,,,,,,,,,,,,1
"Bridgeport-Stamford-Norwalk, CT Metro Area",-0.4661027322145527,-5.709907142934377,-0.4661027322145528,,,,,,,,,,,,,,3
"Brownsville-Harlingen, TX Metro Area",-0.9002587313798384,-0.6558205174718322,-0.9002587313798387,,,,,,,,,,,,,,3
"Brunswick, GA Metro Area",-1.1299151344047271,-1.1299151344047271,,,,,,,,,,,,,,,2
"Buffalo-Cheektowaga, NY Metro Area",-0.9263132527257021,-0.37653560554704224,-0.4929207274142019,-0.6332131493994425,-0.7795828308390266,-0.9263132527257024,,,,,,,,,,-0.5008898274535621,6
"Burlington, NC Metro Area",,,,,,,,,,,,,,,,,1
"Burlington-South Burlington, VT Metro Area",-0.4708433541347888,-0.4708433541347888,,,,,,,,,,,,,,,2
"California-Lexington Park, MD Metro Area",,,,,,,,,,,,,,,,,1
"Canton-Massillon, OH Metro Area",-0.334373946486444,-0.334373946486444,,,,,,,,,,,,,,,2
"Cape Coral-Fort Myers, FL Metro Area",-1.2404943437185731,-1.3745295774373492,-1.1920686198351749,-1.2404943437185731,,,,,,,,,,,,-1.2690308469970324,4
"Cape Girardeau, MO-IL Metro Area",,,,,,,,,,,,,,,,,1
"Carson City, NV Metro Area",-2.6349367606952536,-8.223814277351055,-2.634936760695254,,,,,,,,,,,,,,3
"Casper, WY Metro Area",,,,,,,,,,,,,,,,,1
"Cedar Rapids, IA Metro Area",-0.5525606719134268,-0.5525606719134268,,,,,,,,,,,,,,,2
"Champaign-Urbana, IL Metro Area",,,,,,,,,,,,,,,,,1
"Charleston, WV Metro Area",-0.940698649186835,-0.46238990465682356,-0.6935838081637906,-0.9406986491868354,,,,,,,,,,,,-0.6988907873358166,4
"Charleston-North Charleston, SC Metro Area",-0.5729976800303712,-0.5729976800303712,,,,,,,,,,,,,,,2
"Charlotte-Concord-Gastonia, NC-SC Metro Area",-0.8571190677473588,-0.2673148147833572,-0.4008855466127582,-0.545400383931929,-0.6970862910648472,-0.8571190677473584,,,,,,,,,,-0.4045335817760148,6
"Charlottesville, VA Metro Area",,,,,,,,,,,,,,,,,1
"Chattanooga, TN-GA Metro Area",,,,,,,,,,,,,,,,,1
"Chicago-Naperville-Elgin, IL-IN-WI Metro Area",-1.6345895910512287,-0.703655704398891,-0.9633117495167144,-1.1246396908893408,-1.2930130919804674,-1.3352122460840579,-1.418263324729136,-1.5000904695288992,-1.5818860843526932,-1.6345895910512314,,,,,,-0.9305357149349821,10
"Chico, CA Metro Area",,,,,,,,,,,,,,,,,1
"Cincinnati, OH-KY-IN Metro Area",-0.9911065124171234,-0.8987640148656962,-0.7245529873397407,-0.8441917530011533,-0.9911065124171234,,,,,,,,,,,-0.8225029184021967,5
"Clarksville, TN-KY Metro Area",-1.5182231633593828,-1.431727411872386,-1.5182231633593828,,,,,,,,,,,,,,3
"Cleveland, TN Metro Area",,,,,,,,,,,,,,,,,1
"Cleveland-Elyria, OH Metro Area",-1.8175178884483507,-0.7430032251890977,-0.5267066475968767,-0.6669085118498614,-0.8158823784302128,-0.9702609996430792,-1.1310019441822456,-1.2933343299553004,-1.461402343607665,-1.6305418957947473,-1.8175178884483505,,,,,-0.6455394615452786,11
"Coeur d'Alene, ID Metro Area",,,,,,,,,,,,,,,,,1
"College Station-Bryan, TX Metro Area",,,,,,,,,,,,,,,,,1
"Colorado Springs, CO Metro Area",-1.0605811591385435,-0.8059596986220594,-0.8444905923408073,-1.0605811591385435,,,,,,,,,,,,-0.9036771500338033,4
"Columbia, MO Metro Area",,,,,,,,,,,,,,,,,1
"Columbia, SC Metro Area",-0.9101889367096188,-1.2059574696716944,-1.0513211942207237,-0.9101889367096186,,,,,,,,,,,,-1.0558225335340121,4
"Columbus, GA-AL Metro Area",-0.31819836280502145,-0.31819836280502145,,,,,,,,,,,,,,,2
"Columbus, IN Metro Area",,,,,,,,,,,,,,,,,1
"Columbus, OH Metro Area",-3.0471334164666395,-0.6183023711286356,-0.8376088025223652,-1.0912674096991684,-1.357762164625107,-1.6339822667240689,-1.9220486722137697,-2.2073392979029456,-2.4918411781892535,-2.7752841732217175,-3.047133416466636,,,,,-0.8490595277833898,11
"Corpus Christi, TX Metro Area",-0.3184133445681732,-0.3184133445681732,,,,,,,,,,,,,,,2
"Corvallis, OR Metro Area",,,,,,,,,,,,,,,,,1
"Crestview-Fort Walton Beach-Destin, FL Metro Area",-0.5761745041873939,-0.5761745041873948,,,,,,,,,,,,,,,2
"Cumberland, MD-WV Metro Area",,,,,,,,,,,,,,,,,1
"Dallas-Fort Worth-Arlington, TX Metro Area",-3.79810318128873,-6.2190634776133376,-9.070078762720462,-3.5213017556535746,-3.656605642584237,-4.05541240193111,-4.147308104354492,-4.432093057309431,-3.1058320962048542,-2.9275154992973924,-2.9714534487444904,-3.0815442675916076,-3.221080219092821,-3.382954285052718,-3.5518797590815225,-6.270147998662458,18
"Dalton, GA Metro Area",,,,,,,,,,,,,,,,,1
"Danville, IL Metro Area",,,,,,,,,,,,,,,,,1
"Daphne-Fairhope-Foley, AL Metro Area",,,,,,,,,,,,,,,,,1
"Davenport-Moline-Rock Island, IA-IL Metro Area",-0.8458001857655755,-1.2853210630737815,-0.8458001857655761,,,,,,,,,,,,,,3
"Dayton-Kettering, OH Metro Area",-0.6189143172708835,-0.4301751535631601,-0.6189143172708835,,,,,,,,,,,,,,3
"Decatur, AL Metro Area",,,,,,,,,,,,,,,,,1
"Decatur, IL Metro Area",,,,,,,,,,,,,,,,,1
"Deltona-Daytona Beach-Ormond Beach, FL Metro Area",-0.7814201573415068,-0.4244535698767839,-0.5964456567745742,-0.7814201573415065,,,,,,,,,,,,-0.6007731279976215,4
"Denver-Aurora-Lakewood, CO Metro Area",-2.6227272706559512,-1.000915474478001,-1.4999746777453118,-2.036104452001255,-2.453422224375042,-2.101267200210871,-2.0872572127384528,-2.2335749155568214,-2.4228009178968666,-2.622727270655954,,,,,,-1.5123315347415227,10
"Des Moines-West Des Moines, IA Metro Area",-0.7739754896385642,-0.3977978613963633,-0.5824023026712486,-0.7739754896385651,,,,,,,,,,,,-0.584725217902059,4
"Detroit-Warren-Dearborn, MI Metro Area",-3.529536210334731,-14.643134860758932,-2.317415688209718,-2.071449398669504,-2.1124770556163153,-2.3447041842649083,-2.429114229673684,-2.596156890195741,-2.6481274102614076,-2.7453931392868873,-2.8874892980252254,-2.9214546053355672,-3.025514758921803,-3.109468003443014,-3.2280945293647125,-6.343999982546052,18
"Dothan, AL Metro Area",,,,,,,,,,,,,,,,,1
"Dover, DE Metro Area",,,,,,,,,,,,,,,,,1
"Dubuque, IA Metro Area",-0.6570643580742688,-0.6570643580742688,,,,,,,,,,,,,,,2
"Duluth, MN-WI Metro Area",,,,,,,,,,,,,,,,,1
"Durham-Chapel Hill, NC Metro Area",-0.9142179292844643,-2.318239956923145,-0.9142179292844637,,,,,,,,,,,,,,3
"East Stroudsburg, PA Metro Area",,,,,,,,,,,,,,,,,1
"Eau Claire, WI Metro Area",,,,,,,,,,,,,,,,,1
"El Paso, TX Metro Area",-0.5949423190932525,-0.2962264087256704,-0.44430502956513546,-0.5949423190932525,,,,,,,,,,,,-0.4451579191280195,4
"Elkhart-Goshen, IN Metro Area",,,,,,,,,,,,,,,,,1
"Enid, OK Metro Area",,,,,,,,,,,,,,,,,1
"Erie, PA Metro Area",-0.6580766881126096,-0.474419378553325,-0.6580766881126088,,,,,,,,,,,,,,3
"Eugene-Springfield, OR Metro Area",,,,,,,,,,,,,,,,,1
"Evansville, IN-KY Metro Area",-0.3085197355490843,-0.3085197355490843,,,,,,,,,,,,,,,2
"Fargo, ND-MN Metro Area",,,,,,,,,,,,,,,,,1
"Farmington, NM Metro Area",,,,,,,,,,,,,,,,,1
"Fayetteville, NC Metro Area",-0.7435212643298525,-1.0079717773495163,-0.7435212643298525,,,,,,,,,,,,,,3
"Fayetteville-Springdale-Rogers, AR Metro Area",-0.3204910654522293,-0.3204910654522293,,,,,,,,,,,,,,,2
"Flagstaff, AZ Metro Area",-0.6322157312512339,-0.6322157312512356,,,,,,,,,,,,,,,2
"Flint, MI Metro Area",-0.5988529651815505,-0.29885631547877156,-0.44529729815626445,-0.5988529651815504,,,,,,,,,,,,-0.44766885960552877,4
"Florence, SC Metro Area",-0.5046181992666813,-0.5046181992666813,,,,,,,,,,,,,,,2
"Florence-Muscle Shoals, AL Metro Area",,,,,,,,,,,,,,,,,1
"Fond du Lac, WI Metro Area",,,,,,,,,,,,,,,,,1
"Fort Collins, CO Metro Area",,,,,,,,,,,,,,,,,1
"Fort Smith, AR-OK Metro Area",,,,,,,,,,,,,,,,,1
"Fort Wayne, IN Metro Area",-0.4748886092462554,-0.4748886092462554,,,,,,,,,,,,,,,2
"Fresno, CA Metro Area",-0.6465470170691456,-0.3275706824505854,-0.4849799578318097,-0.646547017069145,,,,,,,,,,,,-0.4863658857838467,4
"Gadsden, AL Metro Area",,,,,,,,,,,,,,,,,1
"Gainesville, FL Metro Area",-0.5957417803800023,-0.4370268988008839,-0.5957417803800023,,,,,,,,,,,,,,3
"Gainesville, GA Metro Area",,,,,,,,,,,,,,,,,1
"Glens Falls, NY Metro Area",-0.6889787700151042,-0.6889787700151042,,,,,,,,,,,,,,,2
"Goldsboro, NC Metro Area",,,,,,,,,,,,,,,,,1
"Grand Forks, ND-MN Metro Area",,,,,,,,,,,,,,,,,1
"Grand Island, NE Metro Area",,,,,,,,,,,,,,,,,1
"Grand Junction, CO Metro Area",-0.8265802256037003,-0.8265802256037024,,,,,,,,,,,,,,,2
"Grand Rapids-Kentwood, MI Metro Area",-0.8583305988706196,-0.3280730201998294,-0.4918413971563481,-0.6596826886634172,-0.8583305988706202,,,,,,,,,,,-0.4931990353398649,5
"Grants Pass, OR Metro Area",,,,,,,,,,,,,,,,,1
"Great Falls, MT Metro Area",,,,,,,,,,,,,,,,,1
"Greeley, CO Metro Area",,,,,,,,,,,,,,,,,1
"Green Bay, WI Metro Area",-1.5053753295804158,-1.248360347040877,-1.5053753295804166,,,,,,,,,,,,,,3
"Greensboro-High Point, NC Metro Area",-0.34246298976400186,-0.34246298976400186,,,,,,,,,,,,,,,2
"Greenville, NC Metro Area",,,,,,,,,,,,,,,,,1
"Greenville-Anderson, SC Metro Area",-0.7262471227621752,-0.3781212974055485,-0.5499539303037313,-0.7262471227621752,,,,,,,,,,,,-0.551440783490485,4
"Gulfport-Biloxi, MS Metro Area",-2.223509560315201,-4.2121841407547596,-6.2679255616810625,-5.52652701107865,-2.2235095603152004,,,,,,,,,,,-5.33554557117149,5
"Hagerstown-Martinsburg, MD-WV Metro Area",,,,,,,,,,,,,,,,,1
"Hammond, LA Metro Area",,,,,,,,,,,,,,,,,1
"Harrisburg-Carlisle, PA Metro Area",-1.6988210763556504,-1.4801344031066757,-1.066262535465417,-1.231152943070605,-1.4521113604519347,-1.6988210763556497,,,,,,,,,,-1.2591832938808991,6
"Harrisonburg, VA Metro Area",,,,,,,,,,,,,,,,,1
"Hartford-East Hartford-Middletown, CT Metro Area",-1.342873983716693,-0.5898079198662141,-0.8353291370579277,-1.0968928786210868,-1.342873983716695,,,,,,,,,,,-0.8406766451817429,5
"Hattiesburg, MS Metro Area",,,,,,,,,,,,,,,,,1
"Hickory-Lenoir-Morganton, NC Metro Area",-0.43581882344182665,-0.43581882344182665,,,,,,,,,,,,,,,2
"Hinesville, GA Metro Area",,,,,,,,,,,,,,,,,1
"Hot Springs, AR Metro Area",,,,,,,,,,,,,,,,,1
"Houma-Thibodaux, LA Metro Area",-0.5985521824001233,-0.5985521824001233,,,,,,,,,,,,,,,2
"Houston-The Woodlands-Sugar Land, TX Metro Area",-3.8963205532151513,-3.1318750716975665,-0.8569686745773012,-1.0810472989793212,-1.327437901067055,-1.5798023262357466,-1.8158085694329564,-2.0484231145374237,-2.2830046478660835,-2.5147572644277925,-2.7452281343221494,-2.975482718045566,-3.206462635718462,-3.4344998308851715,-3.6645839984681006,-1.6899636817513963,16
"Huntington-Ashland, WV-KY-OH Metro Area",,,,,,,,,,,,,,,,,1
"Huntsville, AL Metro Area",,,,,,,,,,,,,,,,,1
"Idaho Falls, ID Metro Area",,,,,,,,,,,,,,,,,1
"Indianapolis-Carmel-Anderson, IN Metro Area",-3.480221132849818,-1.7413324584392953,-1.414123944083692,-1.7644021810583572,-1.7261324100704296,-1.843184666218614,-2.039408022889595,-2.2186970980149736,-2.4205591425256605,-2.6309288719644104,-2.850987722063742,-3.0759140191383056,-3.304836699045694,-3.4802211328498194,,-1.6399528611937815,14
"Iowa City, IA Metro Area",-0.4755003558822977,-0.4755003558822982,,,,,,,,,,,,,,,2
"Ithaca, NY Metro Area",-0.6570749180203427,-0.6570749180203423,,,,,,,,,,,,,,,2
"Jackson, MI Metro Area",,,,,,,,,,,,,,,,,1
"Jackson, MS Metro Area",-0.6890542652116316,-0.35035095426034124,-0.5184639374037345,-0.6890542652116316,,,,,,,,,,,,-0.5192897189585691,4
"Jackson, TN Metro Area",,,,,,,,,,,,,,,,,1
"Jacksonville, FL Metro Area",-2.298124864047063,-46.65709243762782,-1.576822226140992,-1.8112134595016038,-1.8681488142025142,-2.0599449882020924,-2.2981248640470646,,,,,,,,,-16.68170937442347,7
"Jacksonville, NC Metro Area",-0.5481081105687251,-0.5481081105687251,,,,,,,,,,,,,,,2
"Janesville-Beloit, WI Metro Area",-1.9151552107618277,-1.9151552107618277,,,,,,,,,,,,,,,2
"Jefferson City, MO Metro Area",,,,,,,,,,,,,,,,,1
"Johnson City, TN Metro Area",,,,,,,,,,,,,,,,,1
"Johnstown, PA Metro Area",,,,,,,,,,,,,,,,,1
"Jonesboro, AR Metro Area",,,,,,,,,,,,,,,,,1
"Joplin, MO Metro Area",-0.4676722289357564,-0.46767222893575705,,,,,,,,,,,,,,,2
"Kalamazoo-Portage, MI Metro Area",-0.5090069051487768,-0.5090069051487768,,,,,,,,,,,,,,,2
"Kankakee, IL Metro Area",,,,,,,,,,,,,,,,,1
"Kansas City, MO-KS Metro Area",-2.318980947567951,-1.3127523028063075,-1.6965749586568373,-1.2976524186851062,-1.3480654196854203,-1.5251124548588004,-1.7084775018057718,-1.9040657388068134,-2.1092719674263964,-2.3189809475679555,,,,,,-1.4356598933827502,10
"Kennewick-Richland, WA Metro Area",-0.9091183250269012,-0.7988229123718557,-0.9091183250269012,,,,,,,,,,,,,,3
"Killeen-Temple, TX Metro Area",-0.7012933534632646,-0.48404039961696743,-0.7012933534632646,,,,,,,,,,,,,,3
"Kingsport-Bristol, TN-VA Metro Area",-1.1359792418790726,-1.4786016486131597,-1.0149732442989796,-1.1359792418790726,,,,,,,,,,,,-1.2098513782637375,4
"Kingston, NY Metro Area",,,,,,,,,,,,,,,,,1
"Knoxville, TN Metro Area",-0.993004358883829,-0.993004358883829,,,,,,,,,,,,,,,2
"Kokomo, IN Metro Area",,,,,,,,,,,,,,,,,1
"La Crosse-Onalaska, WI-MN Metro Area",,,,,,,,,,,,,,,,,1
"Lafayette, LA Metro Area",-0.787093021100131,-0.47941557096481335,-0.6090557615897216,-0.7870930211001312,,,,,,,,,,,,-0.6251881178848887,4
"Lafayette-West Lafayette, IN Metro Area",,,,,,,,,,,,,,,,,1
"Lake Charles, LA Metro Area",,,,,,,,,,,,,,,,,1
"Lakeland-Winter Haven, FL Metro Area",-0.3587254025287964,-0.3587254025287964,,,,,,,,,,,,,,,2
"Lancaster, PA Metro Area",,,,,,,,,,,,,,,,,1
"Lansing-East Lansing, MI Metro Area",-0.30677765590337897,-0.3067776559033793,,,,,,,,,,,,,,,2
"Laredo, TX Metro Area",,,,,,,,,,,,,,,,,1
"Las Cruces, NM Metro Area",,,,,,,,,,,,,,,,,1
"Las Vegas-Henderson-Paradise, NV Metro Area",-3.9691245019172916,-8.76818703541152,-8.290543981321704,-7.894663882321416,-3.1291952295106014,-3.060022836239736,-3.266689548052506,-3.384506307024133,-3.488542167444322,-3.6364233570471574,-3.8506016407982377,-3.9691245019172903,,,,-8.317798299684881,12
"Lawrence, KS Metro Area",,,,,,,,,,,,,,,,,1
"Lawton, OK Metro Area",,,,,,,,,,,,,,,,,1
"Lebanon, PA Metro Area",-0.3712229932521125,-0.3712229932521125,,,,,,,,,,,,,,,2
"Lewiston, ID-WA Metro Area",,,,,,,,,,,,,,,,,1
"Lewiston-Auburn, ME Metro Area",,,,,,,,,,,,,,,,,1
"Lexington-Fayette, KY Metro Area",-1.1050599135438754,-3.9732800675040827,-0.7216112560763552,-0.9229387712002514,-1.105059913543876,,,,,,,,,,,-1.8726100315935632,5
"Lima, OH Metro Area",,,,,,,,,,,,,,,,,1
"Lincoln, NE Metro Area",-0.2948977995908934,-0.2948977995908934,,,,,,,,,,,,,,,2
"Little Rock-North Little Rock-Conway, AR Metro Area",-0.5739026508072336,-1.2405450594285055,-0.5739026508072336,,,,,,,,,,,,,,3
"Logan, UT-ID Metro Area",,,,,,,,,,,,,,,,,1
"Longview, TX Metro Area",,,,,,,,,,,,,,,,,1
"Longview, WA Metro Area",,,,,,,,,,,,,,,,,1
"Los Angeles-Long Beach-Anaheim, CA Metro Area",-11.305348510469779,-0.8372342969013878,-1.232991238150718,-1.6436656214015066,-1.8437085750480604,-2.10655694903851,-2.316638356491641,-2.5579236622068158,-2.80886943137593,-3.0696592698025467,-3.3031387370508463,-3.505632772639526,-3.7144705463128442,-3.932728107311341,-4.13508048843207,-1.237963718817871,47
"Louisville/Jefferson County, KY-IN Metro Area",-0.9725679369775097,-0.7883143275594655,-0.6729133223278935,-0.8439386158387702,-0.9725679369775097,,,,,,,,,,,-0.7683887552420431,5
"Lubbock, TX Metro Area",-2.6188361145552674,-2.797571752649014,-2.0798630994890788,-2.618836114555261,,,,,,,,,,,,-2.4987569888977847,4
"Lynchburg, VA Metro Area",,,,,,,,,,,,,,,,,1
"Macon-Bibb County, GA Metro Area",,,,,,,,,,,,,,,,,1
"Madera, CA Metro Area",,,,,,,,,,,,,,,,,1
"Madison, WI Metro Area",,,,,,,,,,,,,,,,,1
"Manchester-Nashua, NH Metro Area",,,,,,,,,,,,,,,,,1
"Manhattan, KS Metro Area",,,,,,,,,,,,,,,,,1
"Mankato, MN Metro Area",,,,,,,,,,,,,,,,,1
"Mansfield, OH Metro Area",,,,,,,,,,,,,,,,,1
"McAllen-Edinburg-Mission, TX Metro Area",-0.4365375691450679,-0.32188403271379895,-0.4365375691450679,,,,,,,,,,,,,,3
"Medford, OR Metro Area",-1.6792990473845526,-1.6792990473845526,,,,,,,,,,,,,,,2
"Memphis, TN-MS-AR Metro Area",-1.0281147474700658,-2.6701873211380778,-0.5670817012675424,-0.7302985690783558,-0.8976599681120122,-1.0281147474700667,,,,,,,,,,-1.3225225304946586,6
"Merced, CA Metro Area",-2.0567405176220723,-1.9257529163904885,-1.920543860441207,-2.0567405176220745,,,,,,,,,,,,-1.9676790981512566,4
"Miami-Fort Lauderdale-Pompano Beach, FL Metro Area",-5.293449565590919,-1.840785021326025,-1.6419178778218422,-1.766129557567273,-2.041498935324613,-2.297759329684993,-2.2466120942166357,-2.3536931909731056,-2.532737736719743,-2.7114065927892255,-2.8918757051277297,-3.0683053681918375,-3.2576114042031277,-3.4555163600565493,-3.6574950286874857,-1.7496108189050468,23
"Michigan City-La Porte, IN Metro Area",,,,,,,,,,,,,,,,,1
"Midland, MI Metro Area",,,,,,,,,,,,,,,,,1
"Midland, TX Metro Area",,,,,,,,,,,,,,,,,1
"Milwaukee-Waukesha, WI Metro Area",-0.9790246647527547,-44.29691757026138,-1.1362205525890414,-0.8486592175182989,-0.8993018050281933,-0.9790246647527536,,,,,,,,,,-15.427265780122907,6
"Minneapolis-St. Paul-Bloomington, MN-WI Metro Area",-1.5633031624655414,-0.7158819487028156,-0.9710986491479041,-1.2461177413359494,-1.1808501670446043,-1.3170760377820467,-1.4035154799086518,-1.50804873020761,-1.5633031624655427,,,,,,,-0.9776994463955564,9
"Missoula, MT Metro Area",,,,,,,,,,,,,,,,,1
"Mobile, AL Metro Area",-1.0020876824056062,-34.76076058862561,-0.6439603027926402,-0.8258028093155838,-1.002087682405605,,,,,,,,,,,-12.076841233577944,5
"Modesto, CA Metro Area",-1.4801480647647973,-1.506742765364013,-1.4801480647647973,,,,,,,,,,,,,,3
"Monroe, LA Metro Area",-0.9754971855324315,-2.3969918085066326,-0.9754971855324315,,,,,,,,,,,,,,3
"Monroe, MI Metro Area",,,,,,,,,,,,,,,,,1
"Montgomery, AL Metro Area",,,,,,,,,,,,,,,,,1
"Morgantown, WV Metro Area",,,,,,,,,,,,,,,,,1
"Morristown, TN Metro Area",,,,,,,,,,,,,,,,,1
"Mount Vernon-Anacortes, WA Metro Area",,,,,,,,,,,,,,,,,1
"Muncie, IN Metro Area",,,,,,,,,,,,,,,,,1
"Muskegon, MI Metro Area",,,,,,,,,,,,,,,,,1
"Myrtle Beach-Conway-North Myrtle Beach, SC-NC Metro Area",-1.0151132683598212,-0.39531568624269253,-0.5925005477567993,-0.8042472433041011,-1.0151132683598207,,,,,,,,,,,-0.597354492434531,5
"Napa, CA Metro Area",,,,,,,,,,,,,,,,,1
"Naples-Marco Island, FL Metro Area",-0.8002227609612662,-0.5800023130467616,-0.8002227609612668,,,,,,,,,,,,,,3
"Nashville-Davidson--Murfreesboro--Franklin, TN Metro Area",-1.6409639501850157,-5.671366046607904,-1.1481921927034144,-0.9427392803215622,-1.0824249175002476,-1.1890598857840282,-1.3330618587952174,-1.484638409241457,-1.640963950185017,,,,,,,-2.5874325065442934,9
"New Bern, NC Metro Area",,,,,,,,,,,,,,,,,1
"New Haven-Milford, CT Metro Area",-0.569739531895609,-0.8025099813783046,-0.569739531895609,,,,,,,,,,,,,,3
"New Orleans-Metairie, LA Metro Area",-1.5034825453850782,-0.6870296008587038,-0.9817801559355325,-1.064892798192564,-1.1842534460526526,-1.3418436394642013,-1.5034825453850786,,,,,,,,,-0.9112341849956,7
"New York-Newark-Jersey City, NY-NJ-PA Metro Area",-5.8913165487209165,-1.8813680385887,-1.1394086591043981,-1.089686676444716,-1.216528442737125,-1.3737564270073501,-1.519662081055729,-1.6773701523551994,-1.8477442225539344,-2.0246350679178673,-2.1920257161538315,-2.364347837012117,-2.5074374491423264,-2.6604457200964466,-2.810767526519977,-1.3701544580459382,35
"Niles, MI Metro Area",-0.5473262325249789,-0.5473262325249789,,,,,,,,,,,,,,,2
"North Port-Sarasota-Bradenton, FL Metro Area",-0.7003961130238112,-0.7214425456963036,-0.7003961130238112,,,,,,,,,,,,,,3
"Norwich-New London, CT Metro Area",-0.4082808335610818,-0.4082808335610818,,,,,,,,,,,,,,,2
"Ocala, FL Metro Area",,,,,,,,,,,,,,,,,1
"Odessa, TX Metro Area",,,,,,,,,,,,,,,,,1
"Ogden-Clearfield, UT Metro Area",-1.4303237072671404,-0.5445530178998226,-0.816826775616235,-1.1121764289049998,-1.4303237072671462,,,,,,,,,,,-0.8245187408070191,5
"Oklahoma City, OK Metro Area",-1.8213795147147085,-2.5301477392544136,-0.6448250718462997,-0.8280569944115153,-1.0220015687035537,-1.2196127160103476,-1.4185947242507857,-1.619357905872195,-1.8213795147147107,,,,,,,-1.3343432685040761,9
"Olympia-Lacey-Tumwater, WA Metro Area",,,,,,,,,,,,,,,,,1
"Omaha-Council Bluffs, NE-IA Metro Area",-0.48327277432816573,-0.330558263017329,-0.4832727743281665,,,,,,,,,,,,,,3
"Orlando-Kissimmee-Sanford, FL Metro Area",-2.2264051078591107,-3.3757207439657524,-5.018013470621601,-1.2848840471238636,-1.3876959395351267,-1.598088067124809,-1.7443606948220998,-1.89303466356031,-2.0613515431859586,-2.226405107859108,,,,,,-3.2262060872370726,10
"Oshkosh-Neenah, WI Metro Area",,,,,,,,,,,,,,,,,1
"Owensboro, KY Metro Area",,,,,,,,,,,,,,,,,1
"Oxnard-Thousand Oaks-Ventura, CA Metro Area",,,,,,,,,,,,,,,,,1
"Palm Bay-Melbourne-Titusville, FL Metro Area",-2.2184398639522858,-1.1262640460970834,-1.5706613581353701,-1.8643944993109833,-2.218439863952281,,,,,,,,,,,-1.5204399678478122,5
"Parkersburg-Vienna, WV Metro Area",,,,,,,,,,,,,,,,,1
"Pensacola-Ferry Pass-Brent, FL Metro Area",-0.46772301685686307,-0.46772301685686307,,,,,,,,,,,,,,,2
"Peoria, IL Metro Area",-0.5437286734391729,-0.38956148753699965,-0.5437286734391729,,,,,,,,,,,,,,3
"Philadelphia-Camden-Wilmington, PA-NJ-DE-MD Metro Area",-1.761738439107959,-0.8677095763365197,-0.4196041635234795,-0.5320795331069925,-0.6522511523308979,-0.7754735028887236,-0.906984419119271,-1.0388937972682752,-1.1749074727703392,-1.314407303266327,-1.460204418918288,-1.606574042523697,-1.7617384391079578,,,-0.6064644243223306,13
"Phoenix-Mesa-Chandler, AZ Metro Area",-4.055441475870959,-1.4453985743295572,-1.5268685920255476,-1.9402317600316623,-2.2481449327117957,-1.982542645708961,-1.9545789498508017,-2.056732146192876,-2.2180733820441465,-2.395324366977112,-2.5344494101683903,-2.69027078209957,-2.858360557552248,-3.0288991295741226,-3.2047143864695435,-1.6374996421289225,20
"Pine Bluff, AR Metro Area",,,,,,,,,,,,,,,,,1
"Pittsburgh, PA Metro Area",-3.174795459867479,-1.0502896345859805,-1.0580396716911595,-1.2265898286174193,-1.3722070278312508,-1.4789292903446847,-1.650663746591424,-1.8118715423116143,-1.9796853140709936,-2.1595862096401097,-2.344848382395869,-2.532388524410832,-2.718218906868183,-2.886420793923504,-3.03625092168082,-1.1116397116315198,16
"Pittsfield, MA Metro Area",,,,,,,,,,,,,,,,,1
"Pocatello, ID Metro Area",,,,,,,,,,,,,,,,,1
"Port St. Lucie, FL Metro Area",-0.817185078556308,-0.6686107513223997,-0.8171850785563078,,,,,,,,,,,,,,3
"Portland-South Portland, ME Metro Area",,,,,,,,,,,,,,,,,1
"Portland-Vancouver-Hillsboro, OR-WA Metro Area",-1.9447757366016662,-0.8876541887852363,-0.8453906711246229,-0.9585317666926826,-1.1330015384278567,-1.3258018788489558,-1.5265835683783326,-1.7346500031033598,-1.9447757366016702,,,,,,,-0.8971922088675139,9
"Poughkeepsie-Newburgh-Middletown, NY Metro Area",-0.6505383387911543,-344.90401370622925,-40.72788465438073,-0.6505383387911544,,,,,,,,,,,,-128.7608122331337,4
"Prescott Valley-Prescott, AZ Metro Area",,,,,,,,,,,,,,,,,1
"Providence-Warwick, RI-MA Metro Area",-1.75833004888718,-1.550459173868573,-2.277851542836748,-2.0274223105849867,-1.2978011276652395,-1.4124338197781967,-1.4922921784582321,-1.6274256348865186,-1.7583300488871787,,,,,,,-1.9519110090967693,9
"Provo-Orem, UT Metro Area",,,,,,,,,,,,,,,,,1
"Pueblo, CO Metro Area",-1.027228486437627,-0.6408757798269346,-0.8283749169384063,-1.027228486437627,,,,,,,,,,,,-0.8321597277343226,4
"Punta Gorda, FL Metro Area",,,,,,,,,,,,,,,,,1
"Racine, WI Metro Area",-0.41355563533033723,-0.41355563533033723,,,,,,,,,,,,,,,2
"Raleigh-Cary, NC Metro Area",-1.2271433899379813,-0.3920756081004411,-0.5878773767419297,-0.7995372902770166,-1.014215481801401,-1.2271433899379813,,,,,,,,,,-0.5931634250397958,6
"Rapid City, SD Metro Area",,,,,,,,,,,,,,,,,1
"Reading, PA Metro Area",,,,,,,,,,,,,,,,,1
"Redding, CA Metro Area",,,,,,,,,,,,,,,,,1
"Reno, NV Metro Area",-17.16802515183082,-17.168025151830836,,,,,,,,,,,,,,,2
"Richmond, VA Metro Area",-0.316128644599253,-0.316128644599253,,,,,,,,,,,,,,,2
"Riverside-San Bernardino-Ontario, CA Metro Area",-5.939692894201125,-2.3176284586014546,-1.8140839635139496,-1.6249923388068912,-1.8431314384976933,-1.997321964061461,-2.128991382713631,-2.321588128769556,-2.508831455456371,-2.711809682408549,-2.9233381206996554,-3.125207188657887,-3.3197268829465525,-3.5224995388571303,-3.7259310895239444,-1.9189015869740984,26
"Roanoke, VA Metro Area",,,,,,,,,,,,,,,,,1
"Rochester, MN Metro Area",,,,,,,,,,,,,,,,,1
"Rochester, NY Metro Area",-0.3652233382855621,-0.24423866695154053,-0.3652233382855622,,,,,,,,,,,,,,3
"Rockford, IL Metro Area",,,,,,,,,,,,,,,,,1
"Rocky Mount, NC Metro Area",,,,,,,,,,,,,,,,,1
"Rome, GA Metro Area",,,,,,,,,,,,,,,,,1
"Sacramento-Roseville-Folsom, CA Metro Area",-2.7238334262994166,-1.3382083923542587,-1.531204378879493,-1.6481410748570298,-1.8671640126206523,-1.7819516958970447,-1.8785966569744834,-2.0063657927147625,-2.111170224645237,-2.2380345200849194,-2.389494263791076,-2.552833647431471,-2.723833426299417,,,-1.5058512820302603,13
"Saginaw, MI Metro Area",,,,,,,,,,,,,,,,,1
"Salem, OR Metro Area",-0.8430983581171887,-0.43793912851013567,-0.6398592906824101,-0.8430983581171902,,,,,,,,,,,,-0.640298925769912,4
"Salinas, CA Metro Area",,,,,,,,,,,,,,,,,1
"Salisbury, MD-DE Metro Area",,,,,,,,,,,,,,,,,1
"Salt Lake City, UT Metro Area",-0.9692409069109461,-0.9324723016477606,-0.9692409069109476,,,,,,,,,,,,,,3
"San Angelo, TX Metro Area",,,,,,,,,,,,,,,,,1
"San Antonio-New Braunfels, TX Metro Area",-2.514127423887845,-1.035564782578911,-1.2366809648682153,-1.4148643862947008,-1.292864970562479,-1.4310724502513266,-1.605118300009667,-1.793019322403052,-1.9872883700461446,-2.18520897922189,-2.386180818144167,-2.5141274238878415,,,,-1.2290367112472758,12
"San Diego-Chula Vista-Carlsbad, CA Metro Area",-4.18243342807217,-1.0099256458435026,-1.4682102198999134,-1.9012634780956583,-2.3520730965583687,-2.8211683844905955,-2.7618399139703986,-2.7330296365001825,-2.7824171897558667,-2.891263462178772,-3.0544956952796927,-3.2403322699711277,-3.431985797249471,-3.627764363661318,-3.812271678040072,-1.4597997812796912,17
"San Francisco-Oakland-Berkeley, CA Metro Area",-0.9301658921195064,-0.3632866059119769,-0.501596723884334,-0.6449518855031968,-0.7850667866109196,-0.9301658921195067,,,,,,,,,,-0.5032784050998359,6
"San Jose-Sunnyvale-Santa Clara, CA Metro Area",-2.8278909908334486,-2.5841125670601888,-1.8667974858837821,-1.6291311277399672,-1.7870424255750803,-2.044422419784837,-2.3213649731695054,-2.6089466387885247,-2.827890990833453,,,,,,,-2.0266803935613127,9
"Santa Cruz-Watsonville, CA Metro Area",-1.1636030265044557,-1.1636030265044557,,,,,,,,,,,,,,,2
"Santa Fe, NM Metro Area",-0.9206487753662989,-1.3412520707232938,-0.7306846835633586,-0.9206487753662992,,,,,,,,,,,,-0.9975285098843171,4
"Santa Maria-Santa Barbara, CA Metro Area",-1.797483137401386,-3.6785984744138993,-1.7974831374013862,,,,,,,,,,,,,,3
"Santa Rosa-Petaluma, CA Metro Area",-0.5540761068081502,-0.3694275845660116,-0.5540761068081502,,,,,,,,,,,,,,3
"Savannah, GA Metro Area",,,,,,,,,,,,,,,,,1
"Scranton--Wilkes-Barre, PA Metro Area",-2.3352233583212643,-1.556891579685116,-2.335223358321257,,,,,,,,,,,,,,3
"Seattle-Tacoma-Bellevue, WA Metro Area",-0.6902944296346358,-0.3528291756740668,-0.5199916181355855,-0.6902944296346364,,,,,,,,,,,,-0.5210384078147628,4
"Sebastian-Vero Beach, FL Metro Area",,,,,,,,,,,,,,,,,1
"Sebring-Avon Park, FL Metro Area",,,,,,,,,,,,,,,,,1
"Sheboygan, WI Metro Area",,,,,,,,,,,,,,,,,1
"Shreveport-Bossier City, LA Metro Area",,,,,,,,,,,,,,,,,1
"Sierra Vista-Douglas, AZ Metro Area",,,,,,,,,,,,,,,,,1
"Sioux City, IA-NE-SD Metro Area",,,,,,,,,,,,,,,,,1
"Sioux Falls, SD Metro Area",-0.7349724809003706,-0.49652528908666616,-0.7349724809003704,,,,,,,,,,,,,,3
"South Bend-Mishawaka, IN-MI Metro Area",-1.4497879947894075,-0.5387436321502962,-0.746437669908125,-0.9766496306577748,-1.2114606847883262,-1.449787994789407,,,,,,,,,,-0.7539436442387318,6
"Spartanburg, SC Metro Area",-0.45950352745299144,-0.45950352745299144,,,,,,,,,,,,,,,2
"Spokane-Spokane Valley, WA Metro Area",-0.5249011452422656,-0.35040508653165764,-0.5249011452422663,,,,,,,,,,,,,,3
"Springfield, IL Metro Area",-0.38177035125370556,-0.38177035125370556,,,,,,,,,,,,,,,2
"Springfield, MA Metro Area",-1.3056868675076112,-0.653862859072525,-0.9430526552112375,-1.004031004212265,-1.1391755832838881,-1.3056868675076074,,,,,,,,,,-0.8669821728320092,6
"Springfield, MO Metro Area",,,,,,,,,,,,,,,,,1
"Springfield, OH Metro Area",,,,,,,,,,,,,,,,,1
"St. Cloud, MN Metro Area",,,,,,,,,,,,,,,,,1
"St. George, UT Metro Area",-1.477544686326523,-1.477544686326523,,,,,,,,,,,,,,,2
"St. Joseph, MO-KS Metro Area",,,,,,,,,,,,,,,,,1
"St. Louis, MO-IL Metro Area",-0.7787495696878437,-0.32744320244300157,-0.4735316192208798,-0.6245816075158532,-0.7787495696878453,,,,,,,,,,,-0.4751854763932449,5
"State College, PA Metro Area",,,,,,,,,,,,,,,,,1
"Stockton, CA Metro Area",-2.0726678775177065,-3.392669193628763,-1.4458402286048206,-1.5490835402038237,-1.800397777420815,-2.0726678775177025,,,,,,,,,,-2.1291976541458024,6
"Syracuse, NY Metro Area",-0.325032858575195,-0.325032858575195,,,,,,,,,,,,,,,2
"Tallahassee, FL Metro Area",,,,,,,,,,,,,,,,,1
"Tampa-St. Petersburg-Clearwater, FL Metro Area",-2.918875365803639,-1.4500212593092632,-0.9252526146889003,-0.993587396573589,-1.160798549976061,-1.3502641626243927,-1.5472560831328295,-1.749687617509477,-1.9573490864995484,-2.1764268458062137,-2.394008786493072,-2.592866752887448,-2.7645419175762234,-2.9188753658036384,,-1.1229537568572507,14
"Terre Haute, IN Metro Area",,,,,,,,,,,,,,,,,1
"Texarkana, TX-AR Metro Area",,,,,,,,,,,,,,,,,1
"Toledo, OH Metro Area",-0.7337182579280079,-0.49112148226659824,-0.7337182579280078,,,,,,,,,,,,,,3
"Topeka, KS Metro Area",,,,,,,,,,,,,,,,,1
"Trenton-Princeton, NJ Metro Area",,,,,,,,,,,,,,,,,1
"Tucson, AZ Metro Area",-2.0868650661595614,-0.9310213407721599,-1.3872274201982988,-1.574163759216657,-1.8750073929569848,-1.9193749627160623,-1.976840906951776,-2.0868650661595614,,,,,,,,-1.297470840062372,8
"Tulsa, OK Metro Area",-1.942004538007926,-2.985490183287285,-4.261862480592087,-5.611537352769027,-1.6888617691679388,-1.7744303461444906,-1.9420045380079254,,,,,,,,,-4.286296672216133,7
"Tuscaloosa, AL Metro Area",,,,,,,,,,,,,,,,,1
"Tyler, TX Metro Area",,,,,,,,,,,,,,,,,1
"Utica-Rome, NY Metro Area",,,,,,,,,,,,,,,,,1
"Valdosta, GA Metro Area",,,,,,,,,,,,,,,,,1
"Vallejo, CA Metro Area",-0.5838277747094084,-0.4370145915477341,-0.583827774709408,,,,,,,,,,,,,,3
"Victoria, TX Metro Area",,,,,,,,,,,,,,,,,1
"Vineland-Bridgeton, NJ Metro Area",,,,,,,,,,,,,,,,,1
"Virginia Beach-Norfolk-Newport News, VA-NC Metro Area",-2.5248534924345467,-3.7617268238550485,-3.128591681108179,-1.1366294057968478,-1.2584723860668272,-1.452177425806898,-1.6616923053293795,-1.8776604905005767,-2.096411241867729,-2.3135716649801896,-2.5248534924345467,,,,,-2.6756493035866917,11
"Visalia, CA Metro Area",-1.320283508201501,-1.320283508201501,,,,,,,,,,,,,,,2
"Waco, TX Metro Area",,,,,,,,,,,,,,,,,1
"Walla Walla, WA Metro Area",-0.8778429264878782,-0.8778429264878782,,,,,,,,,,,,,,,2
"Warner Robins, GA Metro Area",,,,,,,,,,,,,,,,,1
"Washington-Arlington-Alexandria, DC-VA-MD-WV Metro Area",-4.748716788069793,-0.8029880556016717,-1.1858281483425883,-1.3417253223423298,-1.5586282538705185,-1.7552086797178494,-1.9153408027299252,-2.0773158287375084,-2.231378018933416,-2.374027301044945,-2.533203365954438,-2.6939421764779405,-2.867516520138941,-3.0463081656303377,-3.2299959432557896,-1.1101805087621965,23
"Waterloo-Cedar Falls, IA Metro Area",-0.5147071382220337,-0.5147071382220337,,,,,,,,,,,,,,,2
"Watertown-Fort Drum, NY Metro Area",,,,,,,,,,,,,,,,,1
"Wausau-Weston, WI Metro Area",,,,,,,,,,,,,,,,,1
"Weirton-Steubenville, WV-OH Metro Area",-0.9540263167334462,-0.6685600390481444,-0.9540263167334467,,,,,,,,,,,,,,3
"Wenatchee, WA Metro Area",,,,,,,,,,,,,,,,,1
"Wheeling, WV-OH Metro Area",-0.8615707796905907,-0.7840863517363348,-0.8615707796905905,,,,,,,,,,,,,,3
"Wichita Falls, TX Metro Area",,,,,,,,,,,,,,,,,1
"Wichita, KS Metro Area",-1.4311228274454173,-0.469304594076986,-0.6903346617863081,-0.9160525802258056,-1.1664688149645146,-1.4311228274454195,,,,,,,,,,-0.6918972786963665,6
"Williamsport, PA Metro Area",,,,,,,,,,,,,,,,,1
"Wilmington, NC Metro Area",-0.4358536286955753,-0.4358536286955753,,,,,,,,,,,,,,,2
"Winchester, VA-WV Metro Area",,,,,,,,,,,,,,,,,1
"Winston-Salem, NC Metro Area",,,,,,,,,,,,,,,,,1
"Worcester, MA-CT Metro Area",,,,,,,,,,,,,,,,,1
"Yakima, WA Metro Area",-0.41174811852323745,-0.41174811852323745,,,,,,,,,,,,,,,2
"York-Hanover, PA Metro Area",,,,,,,,,,,,,,,,,1
"Youngstown-Warren-Boardman, OH-PA Metro Area",-2.810424524818611,-0.7254138062127918,-1.0579392942749037,-1.4034234951594402,-1.7562476178564994,-2.109965312507616,-2.469960770104104,-2.810424524818611,,,,,,,,-1.062258865215712,8
"Yuba City, CA Metro Area",-0.6871535168657192,-0.6871535168657192,,,,,,,,,,,,,,,2
"Yuma, AZ Metro Area",-0.46850122765279845,-0.46850122765279845,,,,,,,,,,,,,,,2
