NAMELSAD,std_dev_all,std_dev_2,std_dev_3,std_dev_4,std_dev_5,std_dev_6,std_dev_7,std_dev_8,std_dev_9,std_dev_10,std_dev_11,std_dev_12,std_dev_13,std_dev_14,std_dev_15,avg_std_dev_2_to_4,count_centers
"Abilene, TX Metro Area",0.0,,,,,,,,,,,,,,,0.0,1
"Akron, OH Metro Area",0.29905988026818,0.7553887139743279,0.2632318737087901,0.22159043056642602,0.23263450829366938,0.2548684307548569,0.2787024514240609,0.29905988026818,,,,,,,,0.413403672749848,8
"Albany, GA Metro Area",0.0,,,,,,,,,,,,,,,0.0,1
"Albany-Lebanon, OR Metro Area",0.0,,,,,,,,,,,,,,,0.0,1
"Albany-Schenectady-Troy, NY Metro Area",0.35495151245030976,0.46095523402152594,0.2631210567957941,0.2594040261603384,0.2839348112911645,0.3062248287878261,0.33095035044997123,0.35495151245030976,,,,,,,,0.32782677232588614,8
"Albuquerque, NM Metro Area",0.39193612860958404,0.4085676956675154,0.2513550602412784,0.2510227319995072,0.2796315742266591,0.31224779168150807,0.3419600222891861,0.3696505954241589,0.39193612860958393,,,,,,,0.30364849596943366,9
"Alexandria, LA Metro Area",0.0,,,,,,,,,,,,,,,0.0,1
"Allentown-Bethlehem-Easton, PA-NJ Metro Area",0.11097529654324345,0.06982485157436091,0.11097529654324345,,,,,,,,,,,,,0.0,3
"Altoona, PA Metro Area",0.0692589754816112,0.0692589754816112,,,,,,,,,,,,,,0.0,2
"Amarillo, TX Metro Area",0.0,,,,,,,,,,,,,,,0.0,1
"Ames, IA Metro Area",0.0,,,,,,,,,,,,,,,0.0,1
"Ann Arbor, MI Metro Area",0.058041411106079965,0.058041411106079965,,,,,,,,,,,,,,0.0,2
"Anniston-Oxford, AL Metro Area",0.0,,,,,,,,,,,,,,,0.0,1
"Appleton, WI Metro Area",0.0,,,,,,,,,,,,,,,0.0,1
"Asheville, NC Metro Area",0.08365393566501655,0.030029573533069898,0.08365393566501655,,,,,,,,,,,,,0.0,3
"Athens-Clarke County, GA Metro Area",0.0,,,,,,,,,,,,,,,0.0,1
"Atlanta-Sandy Springs-Alpharetta, GA Metro Area",0.5676784836728769,0.07909044486497852,0.12973432859640577,0.19869176310891812,0.2560573363750993,0.3036666007968404,0.3425139747018512,0.375927118453138,0.40503720935329013,0.4305286464117978,0.45278721324305216,0.47239644524022184,0.48994132806048274,0.5058726578469864,0.5204160738410359,0.13583884552343414,19
"Atlantic City-Hammonton, NJ Metro Area",0.0,,,,,,,,,,,,,,,0.0,1
"Auburn-Opelika, AL Metro Area",0.40515088820717704,0.40515088820717704,,,,,,,,,,,,,,0.0,2
"Augusta-Richmond County, GA-SC Metro Area",0.03156776272193407,0.03156776272193407,,,,,,,,,,,,,,0.0,2
"Austin-Round Rock-Georgetown, TX Metro Area",0.40887936288615323,0.746588874482929,0.5646580553438949,0.35114379436518195,0.308909034673868,0.3039667061881879,0.3153837970975203,0.3327058612742124,0.3504780509590061,0.3657387736421984,0.38113356120744935,0.3964070522502605,0.40887936288615323,,,0.5541302413973352,13
"Bakersfield, CA Metro Area",0.20079377056890224,0.8315188417183422,0.20221507343095002,0.1542509746275943,0.1711627583666404,0.20079377056890224,,,,,,,,,,0.39599496325896216,6
"Baltimore-Columbia-Towson, MD Metro Area",0.5133460974533354,0.05784888599573823,0.10079620746108509,0.1705118853346108,0.231551642690211,0.2818168032452322,0.3241300948155026,0.3601304621292376,0.39108512093583947,0.4179678621031814,0.4416312938143442,0.4626771130932881,0.48132833783464446,0.49818847068565075,0.5133460974533354,0.10971899293047804,15
"Bangor, ME Metro Area",0.0,,,,,,,,,,,,,,,0.0,1
"Barnstable Town, MA Metro Area",0.16615673114883533,0.16615673114883533,,,,,,,,,,,,,,0.0,2
"Baton Rouge, LA Metro Area",0.2992339456374039,0.7242338096306825,0.24664392032909754,0.2103675554423905,0.22287785617920497,0.24983442537112965,0.2750738790191868,0.2992339456374039,,,,,,,,0.39374842846739017,8
"Battle Creek, MI Metro Area",0.08081887217393813,0.08081887217393813,,,,,,,,,,,,,,0.0,2
"Bay City, MI Metro Area",0.0,,,,,,,,,,,,,,,0.0,1
"Beaumont-Port Arthur, TX Metro Area",0.3195756411527485,0.14275232143308958,0.1675455030413574,0.22357697203917026,0.2753795886250474,0.3195756411527485,,,,,,,,,,0.17795826550453908,6
"Beckley, WV Metro Area",0.0,,,,,,,,,,,,,,,0.0,1
"Bellingham, WA Metro Area",0.0,,,,,,,,,,,,,,,0.0,1
"Bend, OR Metro Area",0.0,,,,,,,,,,,,,,,0.0,1
"Billings, MT Metro Area",0.1778095644739458,0.1703462271693008,0.1778095644739458,,,,,,,,,,,,,0.0,3
"Binghamton, NY Metro Area",0.25873036863648147,0.2528276050937971,0.22156342054755174,0.25873036863648147,,,,,,,,,,,,0.2443737980926101,4
"Birmingham-Hoover, AL Metro Area",0.23417272523176047,0.07654051321858268,0.11266709478632031,0.17634995821804988,0.23417272523176047,,,,,,,,,,,0.12185252207431763,5
"Bismarck, ND Metro Area",0.0,,,,,,,,,,,,,,,0.0,1
"Blacksburg-Christiansburg, VA Metro Area",0.0,,,,,,,,,,,,,,,0.0,1
"Bloomington, IL Metro Area",0.0,,,,,,,,,,,,,,,0.0,1
"Bloomington, IN Metro Area",0.0,,,,,,,,,,,,,,,0.0,1
"Boise City, ID Metro Area",0.3430923763214977,0.13057588576288637,0.17840395747994064,0.24305127118249248,0.29790502096571103,0.3430923763214977,,,,,,,,,,0.1840103714751065,6
"Boston-Cambridge-Newton, MA-NH Metro Area",0.4376206038923075,0.07175558916389857,0.11855756525190175,0.1799819686055173,0.23517656752444793,0.2824068483287664,0.32305108133270044,0.3579542844921285,0.38816898811090994,0.41456563750713504,0.4376206038923075,,,,,0.12343170767377254,11
"Boulder, CO Metro Area",0.08382026999798509,0.08382026999798509,,,,,,,,,,,,,,0.0,2
"Bowling Green, KY Metro Area",0.0,,,,,,,,,,,,,,,0.0,1
"Bremerton-Silverdale-Port Orchard, WA Metro Area",0.0,,,,,,,,,,,,,,,0.0,1
"Bridgeport-Stamford-Norwalk, CT Metro Area",0.1479867787711493,0.8393443760699579,0.1869112034847279,0.14083920248074777,0.1479867787711493,,,,,,,,,,,0.38903159401181125,5
"Brownsville-Harlingen, TX Metro Area",0.24691391628669412,0.21766296745313807,0.21605348778770816,0.24691391628669412,,,,,,,,,,,,0.2268767905091801,4
"Brunswick, GA Metro Area",0.4127050031139714,0.4127050031139714,,,,,,,,,,,,,,0.0,2
"Buffalo-Cheektowaga, NY Metro Area",0.3902242391130093,0.07110127890076412,0.12382111902409254,0.1861403714125357,0.2395698651003283,0.28650576261391314,0.3267778281673178,0.3609573069147435,0.3902242391130093,,,,,,,0.12702092311246413,9
"Burlington, NC Metro Area",0.0,,,,,,,,,,,,,,,0.0,1
"Burlington-South Burlington, VT Metro Area",0.11957056220291751,0.11957056220291751,,,,,,,,,,,,,,0.0,2
"California-Lexington Park, MD Metro Area",0.0,,,,,,,,,,,,,,,0.0,1
"Canton-Massillon, OH Metro Area",0.17589246249532442,0.08221791193113503,0.11925209335868436,0.17589246249532442,,,,,,,,,,,,0.1257874892617146,4
"Cape Coral-Fort Myers, FL Metro Area",0.465915929134758,0.48310481964568786,0.4869145041589449,0.4826219254738805,0.4831565835506898,0.4727194785663964,0.4705258229107554,0.465915929134758,,,,,,,,0.48421374975950443,8
"Cape Girardeau, MO-IL Metro Area",0.0,,,,,,,,,,,,,,,0.0,1
"Carson City, NV Metro Area",0.5835766634531232,0.8855042016806722,0.5835766634531232,,,,,,,,,,,,,0.0,3
"Casper, WY Metro Area",0.0,,,,,,,,,,,,,,,0.0,1
"Cedar Rapids, IA Metro Area",0.27428043547437486,0.26472488273460104,0.2545711658122466,0.27428043547437486,,,,,,,,,,,,0.2645254946737408,4
"Champaign-Urbana, IL Metro Area",0.0,,,,,,,,,,,,,,,0.0,1
"Charleston, WV Metro Area",0.2541906084733928,0.1972402951836164,0.20156289084035472,0.2541906084733928,,,,,,,,,,,,0.21766459816578798,4
"Charleston-North Charleston, SC Metro Area",0.17460870777704185,0.17460870777704185,,,,,,,,,,,,,,0.0,2
"Charlotte-Concord-Gastonia, NC-SC Metro Area",0.3480437431057014,0.023732555660254118,0.07896256216162656,0.15154043007396878,0.21509630526768153,0.2674930894836621,0.3111665721027984,0.3480437431057014,,,,,,,,0.08474518263194981,8
"Charlottesville, VA Metro Area",0.0,,,,,,,,,,,,,,,0.0,1
"Chattanooga, TN-GA Metro Area",0.08142973022476907,0.08142973022476907,,,,,,,,,,,,,,0.0,2
"Chicago-Naperville-Elgin, IL-IN-WI Metro Area",0.45756605125258776,0.2414363099624851,0.23505855594030367,0.2560102223418462,0.2881000891500354,0.31701796721933706,0.345586690293917,0.3721175300177981,0.39652316216688555,0.41881010612752,0.4391657900205972,0.45756605125258776,,,,0.24416836274821166,12
"Chico, CA Metro Area",0.0,,,,,,,,,,,,,,,0.0,1
"Cincinnati, OH-KY-IN Metro Area",0.3725722021670459,0.32869036304885,0.22906849527268947,0.2448582726348425,0.28117533009203255,0.3144947040563454,0.3446995741346246,0.3725722021670459,,,,,,,,0.26753904365212733,8
"Clarksville, TN-KY Metro Area",0.43942926802652904,0.6249512235910586,0.5733343829417177,0.46975175587216544,0.43942926802652904,,,,,,,,,,,0.5560124541349806,5
"Cleveland, TN Metro Area",0.0,,,,,,,,,,,,,,,0.0,1
"Cleveland-Elyria, OH Metro Area",0.5311709456977174,0.26030814464971985,0.17456384251151402,0.20385629124145843,0.2472951703863232,0.2891270754271561,0.32657731248007726,0.3595317396136606,0.38843672682382213,0.41354544807558713,0.43574163290152923,0.45569318045961615,0.47366719160754844,0.49001874484795416,0.5049797052596127,0.21290942613423078,17
"Coeur d'Alene, ID Metro Area",0.0,,,,,,,,,,,,,,,0.0,1
"College Station-Bryan, TX Metro Area",0.0,,,,,,,,,,,,,,,0.0,1
"Colorado Springs, CO Metro Area",0.3051582495243802,0.28916528641520045,0.24973236978421165,0.2706130343221095,0.3051582495243802,,,,,,,,,,,0.2698368968405072,5
"Columbia, MO Metro Area",0.0,,,,,,,,,,,,,,,0.0,1
"Columbia, SC Metro Area",0.29025247086628103,0.43639100407295905,0.29425641910072886,0.2843405496131878,0.29025247086628103,,,,,,,,,,,0.33832932426229184,5
"Columbus, GA-AL Metro Area",0.04316636258085915,0.04316636258085915,,,,,,,,,,,,,,0.0,2
"Columbus, IN Metro Area",0.0,,,,,,,,,,,,,,,0.0,1
"Columbus, OH Metro Area",0.5204145948076702,0.19842746533821498,0.22590469402093594,0.27301313057462306,0.32059546933567507,0.3591843529953278,0.39247540052662766,0.4189707774831759,0.44156490960874284,0.4608972350451458,0.47850437636658727,0.4941264580912985,0.5081195337795203,0.5204145948076702,,0.23244842997792467,14
"Corpus Christi, TX Metro Area",0.1647582883470533,0.043258051891244764,0.09386689764288314,0.1647582883470533,,,,,,,,,,,,0.10062774596039374,4
"Corvallis, OR Metro Area",0.0,,,,,,,,,,,,,,,0.0,1
"Crestview-Fort Walton Beach-Destin, FL Metro Area",0.17629698336741362,0.17629698336741362,,,,,,,,,,,,,,0.0,2
"Cumberland, MD-WV Metro Area",0.0,,,,,,,,,,,,,,,0.0,1
"Dallas-Fort Worth-Arlington, TX Metro Area",0.4525073369403323,0.8514658250975833,0.8469361491390679,0.6109673283099535,0.5297333079260427,0.49899088731820085,0.4695909270910257,0.4575982021861159,0.4540796051808105,0.4192354416935158,0.3982521417100211,0.38779074946790615,0.3826611987355645,0.3820509526140722,0.38392495832685625,0.769789767515535,27
"Dalton, GA Metro Area",0.0,,,,,,,,,,,,,,,0.0,1
"Danville, IL Metro Area",0.0,,,,,,,,,,,,,,,0.0,1
"Daphne-Fairhope-Foley, AL Metro Area",0.0,,,,,,,,,,,,,,,0.0,1
"Davenport-Moline-Rock Island, IA-IL Metro Area",0.3204210745368533,0.45931651749389746,0.30945850501798333,0.29073690475932035,0.3013854412584348,0.3204210745368533,,,,,,,,,,0.35317064242373375,6
"Dayton-Kettering, OH Metro Area",0.3366928088453598,0.09781919111816018,0.1327294112767261,0.19651375556779982,0.2509093521182053,0.2977649294692932,0.3366928088453598,,,,,,,,,0.14235411932089537,7
"Decatur, AL Metro Area",0.0,,,,,,,,,,,,,,,0.0,1
"Decatur, IL Metro Area",0.0,,,,,,,,,,,,,,,0.0,1
"Deltona-Daytona Beach-Ormond Beach, FL Metro Area",0.29997982919629884,0.09480147699456498,0.1448181196428896,0.20040017067584914,0.25361194191338954,0.29997982919629884,,,,,,,,,,0.14667325577110124,6
"Denver-Aurora-Lakewood, CO Metro Area",0.5267778452484215,0.3682160712991812,0.3989840607290214,0.43270513905165653,0.43712051175959554,0.4164496988479546,0.41460438190443305,0.42183651688242363,0.43280071703687717,0.445366203186207,0.4583392722365217,0.4711894177850924,0.48346485429940356,0.4952907173015132,0.5064301619999447,0.3999684236932864,17
"Des Moines-West Des Moines, IA Metro Area",0.18587387501113317,0.0809568034068,0.11998366046942732,0.18587387501113317,,,,,,,,,,,,0.1289381129624535,4
"Detroit-Warren-Dearborn, MI Metro Area",0.5032953636632325,0.9339882812201588,0.5490732065641273,0.3983134279167352,0.3346939790868926,0.32030139418551495,0.3093104261253846,0.31136481738103605,0.32108429300332675,0.3300216201611531,0.3390716217559746,0.3496906099243373,0.3600037231325248,0.37083306022287277,0.3816307629177237,0.6271249719003404,29
"Dothan, AL Metro Area",0.0,,,,,,,,,,,,,,,0.0,1
"Dover, DE Metro Area",0.0,,,,,,,,,,,,,,,0.0,1
"Dubuque, IA Metro Area",0.2182921596272911,0.2182921596272911,,,,,,,,,,,,,,0.0,2
"Duluth, MN-WI Metro Area",0.06582599089267915,0.06582599089267915,,,,,,,,,,,,,,0.0,2
"Durham-Chapel Hill, NC Metro Area",0.2923805568031701,0.649623879366606,0.2923805568031701,,,,,,,,,,,,,0.0,3
"East Stroudsburg, PA Metro Area",0.0,,,,,,,,,,,,,,,0.0,1
"Eau Claire, WI Metro Area",0.0,,,,,,,,,,,,,,,0.0,1
"El Paso, TX Metro Area",0.27871933524003933,0.04922060909534842,0.09642817578286911,0.1675356616088307,0.2295381967121679,0.27871933524003933,,,,,,,,,,0.10439481549568275,6
"Elkhart-Goshen, IN Metro Area",0.0,,,,,,,,,,,,,,,0.0,1
"Enid, OK Metro Area",0.0,,,,,,,,,,,,,,,0.0,1
"Erie, PA Metro Area",0.21515325723773204,0.12150016006304021,0.16300798937514238,0.21515325723773204,,,,,,,,,,,,0.1665538022253049,4
"Eugene-Springfield, OR Metro Area",0.0,,,,,,,,,,,,,,,0.0,1
"Evansville, IN-KY Metro Area",0.039113651389451665,0.039113651389451665,,,,,,,,,,,,,,0.0,2
"Fargo, ND-MN Metro Area",0.0,,,,,,,,,,,,,,,0.0,1
"Farmington, NM Metro Area",0.0,,,,,,,,,,,,,,,0.0,1
"Fayetteville, NC Metro Area",0.22619249344119863,0.3708004360609164,0.22619249344119863,,,,,,,,,,,,,0.0,3
"Fayetteville-Springdale-Rogers, AR Metro Area",0.09476072540845615,0.04414781750289709,0.09476072540845615,,,,,,,,,,,,,0.0,3
"Flagstaff, AZ Metro Area",0.20561730936370703,0.20561730936370703,,,,,,,,,,,,,,0.0,2
"Flint, MI Metro Area",0.27437180272564365,0.03522181762512444,0.08679471335896072,0.15973145249752607,0.22289772538957286,0.27437180272564365,,,,,,,,,,0.0939159944938704,6
"Florence, SC Metro Area",0.1478755596493253,0.13783523401967157,0.1478755596493253,,,,,,,,,,,,,0.0,3
"Florence-Muscle Shoals, AL Metro Area",0.0,,,,,,,,,,,,,,,0.0,1
"Fond du Lac, WI Metro Area",0.0,,,,,,,,,,,,,,,0.0,1
"Fort Collins, CO Metro Area",0.11916886031156948,0.11916886031156948,,,,,,,,,,,,,,0.0,2
"Fort Smith, AR-OK Metro Area",0.0,,,,,,,,,,,,,,,0.0,1
"Fort Wayne, IN Metro Area",0.14467643631865934,0.12175347536564263,0.14467643631865934,,,,,,,,,,,,,0.0,3
"Fresno, CA Metro Area",0.3237539727411831,0.04722762645914402,0.09945643983312702,0.16920574279047584,0.23036319031690533,0.28159161718646675,0.3237539727411831,,,,,,,,,0.1052966030275823,7
"Gadsden, AL Metro Area",0.0,,,,,,,,,,,,,,,0.0,1
"Gainesville, FL Metro Area",0.16367990755105444,0.12491262031510464,0.16367990755105444,,,,,,,,,,,,,0.0,3
"Gainesville, GA Metro Area",0.0,,,,,,,,,,,,,,,0.0,1
"Glens Falls, NY Metro Area",0.23423660728984885,0.23423660728984885,,,,,,,,,,,,,,0.0,2
"Goldsboro, NC Metro Area",0.0,,,,,,,,,,,,,,,0.0,1
"Grand Forks, ND-MN Metro Area",0.0,,,,,,,,,,,,,,,0.0,1
"Grand Island, NE Metro Area",0.0,,,,,,,,,,,,,,,0.0,1
"Grand Junction, CO Metro Area",0.29825575464962084,0.29825575464962084,,,,,,,,,,,,,,0.0,2
"Grand Rapids-Kentwood, MI Metro Area",0.2858121157592487,0.053427078530812966,0.1047310447270462,0.17581387843079732,0.23719648407252636,0.2858121157592487,,,,,,,,,,0.1113240005628855,6
"Grants Pass, OR Metro Area",0.0,,,,,,,,,,,,,,,0.0,1
"Great Falls, MT Metro Area",0.0,,,,,,,,,,,,,,,0.0,1
"Greeley, CO Metro Area",0.0744324413660471,0.0744324413660471,,,,,,,,,,,,,,0.0,2
"Green Bay, WI Metro Area",0.3792025647583732,0.44885707688755483,0.3792025647583732,,,,,,,,,,,,,0.0,3
"Greensboro-High Point, NC Metro Area",0.1882910936873632,0.07999290362942002,0.12066669789332995,0.1882910936873632,,,,,,,,,,,,0.1296502317367044,4
"Greenville, NC Metro Area",0.0,,,,,,,,,,,,,,,0.0,1
"Greenville-Anderson, SC Metro Area",0.2402569193289299,0.07102992615623782,0.11905842408860712,0.18393096155137423,0.2402569193289299,,,,,,,,,,,0.12467310393207305,5
"Gulfport-Biloxi, MS Metro Area",0.5009788961551906,0.788670608430288,0.7920912757084516,0.7016800630263907,0.6688812207756666,0.5009788961551906,,,,,,,,,,0.7608139823883767,6
"Hagerstown-Martinsburg, MD-WV Metro Area",0.0,,,,,,,,,,,,,,,0.0,1
"Hammond, LA Metro Area",0.0,,,,,,,,,,,,,,,0.0,1
"Harrisburg-Carlisle, PA Metro Area",0.3818894331221583,0.5088437310936332,0.32304187297992504,0.3183392894822409,0.3443755957953103,0.3624549583007298,0.3818894331221583,,,,,,,,,0.3834082978519331,7
"Harrisonburg, VA Metro Area",0.0,,,,,,,,,,,,,,,0.0,1
"Hartford-East Hartford-Middletown, CT Metro Area",0.3237060770157535,0.18351346603674157,0.19608243830706606,0.2468636452429499,0.2879934796511969,0.3237060770157535,,,,,,,,,,0.20881984986225252,6
"Hattiesburg, MS Metro Area",0.0,,,,,,,,,,,,,,,0.0,1
"Hickory-Lenoir-Morganton, NC Metro Area",0.1767037885926802,0.15526525174398165,0.1767037885926802,,,,,,,,,,,,,0.0,3
"Hinesville, GA Metro Area",0.0,,,,,,,,,,,,,,,0.0,1
"Hot Springs, AR Metro Area",0.0,,,,,,,,,,,,,,,0.0,1
"Houma-Thibodaux, LA Metro Area",0.19939196173176632,0.18811569430075126,0.19939196173176632,,,,,,,,,,,,,0.0,3
"Houston-The Woodlands-Sugar Land, TX Metro Area",0.5357664278020683,0.7266593083149375,0.27596284842106555,0.2359551963197113,0.25234986571729534,0.2807028353285471,0.300357192232785,0.3222636147938197,0.34442217836412525,0.36542699742806195,0.3851811487404758,0.403436997574099,0.4204719140117278,0.4362691275638223,0.45072943922706754,0.4128591176852381,23
"Huntington-Ashland, WV-KY-OH Metro Area",0.0,,,,,,,,,,,,,,,0.0,1
"Huntsville, AL Metro Area",0.0,,,,,,,,,,,,,,,0.0,1
"Idaho Falls, ID Metro Area",0.0,,,,,,,,,,,,,,,0.0,1
"Indianapolis-Carmel-Anderson, IN Metro Area",0.5330806764501609,0.5631141734818726,0.38236620869888693,0.3751680728049528,0.35786099686991646,0.3646824519463566,0.3801230680900428,0.39514936569722314,0.4116137970375532,0.42786156959772004,0.44306386006446974,0.45701523251031595,0.47033720944764124,0.4825377192900635,0.4941891866355639,0.44021615166190414,19
"Iowa City, IA Metro Area",0.12208376790909592,0.12208376790909592,,,,,,,,,,,,,,0.0,2
"Ithaca, NY Metro Area",0.21829749890302763,0.21829749890302763,,,,,,,,,,,,,,0.0,2
"Jackson, MI Metro Area",0.0,,,,,,,,,,,,,,,0.0,1
"Jackson, MS Metro Area",0.1737087127419119,0.05759723048628762,0.10330681878236492,0.1737087127419119,,,,,,,,,,,,0.11153758733685482,4
"Jackson, TN Metro Area",0.0,,,,,,,,,,,,,,,0.0,1
"Jacksonville, FL Metro Area",0.31724456795656164,0.9787950852160127,0.42352992432731007,0.32714900471600783,0.2900611266106484,0.28394460809949573,0.2898350748273094,0.30236764205155686,0.31724456795656164,,,,,,,0.5764913380864436,9
"Jacksonville, NC Metro Area",0.161305114638448,0.161305114638448,,,,,,,,,,,,,,0.0,2
"Janesville-Beloit, WI Metro Area",0.5932431732214105,0.5932431732214105,,,,,,,,,,,,,,0.0,2
"Jefferson City, MO Metro Area",0.0,,,,,,,,,,,,,,,0.0,1
"Johnson City, TN Metro Area",0.0,,,,,,,,,,,,,,,0.0,1
"Johnstown, PA Metro Area",0.0,,,,,,,,,,,,,,,0.0,1
"Jonesboro, AR Metro Area",0.0,,,,,,,,,,,,,,,0.0,1
"Joplin, MO Metro Area",0.1178609554310115,0.1178609554310115,,,,,,,,,,,,,,0.0,2
"Kalamazoo-Portage, MI Metro Area",0.14021057347670252,0.14021057347670252,,,,,,,,,,,,,,0.0,2
"Kankakee, IL Metro Area",0.0,,,,,,,,,,,,,,,0.0,1
"Kansas City, MO-KS Metro Area",0.41916606611119034,0.4668448382975232,0.41670687220447844,0.34798009045612144,0.34223746672516875,0.3505926782739601,0.36605494091462454,0.38477460261531904,0.40257879838753485,0.41916606611119034,,,,,,0.41051060031937436,10
"Kennewick-Richland, WA Metro Area",0.29929127803495104,0.2859775666486607,0.28930214108278474,0.29929127803495104,,,,,,,,,,,,0.29152366192213214,4
"Killeen-Temple, TX Metro Area",0.2556865213923567,0.2453722317824346,0.22649381604469643,0.2556865213923567,,,,,,,,,,,,0.24251752307316257,4
"Kingsport-Bristol, TN-VA Metro Area",0.3302777179954507,0.5084874829457118,0.36888755299478415,0.3363114159771572,0.3302777179954507,,,,,,,,,,,0.4045621506392177,5
"Kingston, NY Metro Area",0.0,,,,,,,,,,,,,,,0.0,1
"Knoxville, TN Metro Area",0.2676949141248288,0.3652968658485092,0.22677025196831613,0.23744621562579393,0.2676949141248288,,,,,,,,,,,0.2765044444808731,5
"Kokomo, IN Metro Area",0.0,,,,,,,,,,,,,,,0.0,1
"La Crosse-Onalaska, WI-MN Metro Area",0.0,,,,,,,,,,,,,,,0.0,1
"Lafayette, LA Metro Area",0.2658670783152026,0.12419864617589471,0.1640620543642759,0.21924236586352674,0.2658670783152026,,,,,,,,,,,0.16916768880123245,5
"Lafayette-West Lafayette, IN Metro Area",0.0,,,,,,,,,,,,,,,0.0,1
"Lake Charles, LA Metro Area",0.0,,,,,,,,,,,,,,,0.0,1
"Lakeland-Winter Haven, FL Metro Area",0.23356689900128924,0.06156587253105272,0.11374905910085098,0.17779422473716833,0.23356689900128924,,,,,,,,,,,0.11770305212302401,5
"Lancaster, PA Metro Area",0.0,,,,,,,,,,,,,,,0.0,1
"Lansing-East Lansing, MI Metro Area",0.03840030742204659,0.03840030742204659,,,,,,,,,,,,,,0.0,2
"Laredo, TX Metro Area",0.2896718082375851,0.2183908045977011,0.2516533779256531,0.2896718082375851,,,,,,,,,,,,0.2532386635869798,4
"Las Cruces, NM Metro Area",0.0,,,,,,,,,,,,,,,0.0,1
"Las Vegas-Henderson-Paradise, NV Metro Area",0.41429414367854556,0.8922145378368296,0.8251339350899823,0.7645118205442263,0.532778583021214,0.4412971745873444,0.4019244966841241,0.38309698662442204,0.3786870682048509,0.3809237218763657,0.3871383296308667,0.3933237984048873,0.39768885273185506,0.40324587165894143,0.40826096232463094,0.827286764490346,16
"Lawrence, KS Metro Area",0.0,,,,,,,,,,,,,,,0.0,1
"Lawton, OK Metro Area",0.0,,,,,,,,,,,,,,,0.0,1
"Lebanon, PA Metro Area",0.06762357222278381,0.06762357222278381,,,,,,,,,,,,,,0.0,2
"Lewiston, ID-WA Metro Area",0.0,,,,,,,,,,,,,,,0.0,1
"Lewiston-Auburn, ME Metro Area",0.0,,,,,,,,,,,,,,,0.0,1
"Lexington-Fayette, KY Metro Area",0.21932845778301047,0.777492542709934,0.23446713678244668,0.18975637459748784,0.19630705214968835,0.21932845778301047,,,,,,,,,,0.4005720180299561,6
"Lima, OH Metro Area",0.0,,,,,,,,,,,,,,,0.0,1
"Lincoln, NE Metro Area",0.033674806751009756,0.033674806751009756,,,,,,,,,,,,,,0.0,2
"Little Rock-North Little Rock-Conway, AR Metro Area",0.27618903890808055,0.44659761429723654,0.2901480405232244,0.2654402234370892,0.27618903890808055,,,,,,,,,,,0.3340619594191834,5
"Logan, UT-ID Metro Area",0.0,,,,,,,,,,,,,,,0.0,1
"Longview, TX Metro Area",0.0,,,,,,,,,,,,,,,0.0,1
"Longview, WA Metro Area",0.0,,,,,,,,,,,,,,,0.0,1
"Los Angeles-Long Beach-Anaheim, CA Metro Area",0.7469115193604692,0.3028829699685185,0.31879236888002893,0.36122516166031804,0.3679351410034347,0.38594737371802224,0.4027769055131596,0.42120346596697145,0.43921027866434625,0.45648104978375537,0.4714058105845874,0.48484651228930575,0.49756677960143625,0.5096343970978747,0.5210639069956547,0.32763350016962184,70
"Louisville/Jefferson County, KY-IN Metro Area",0.4692744527965562,0.28124488124488123,0.2031785914610662,0.23154912680586492,0.2719136381107754,0.31140952079132866,0.3471124421748948,0.37841116482423676,0.4059578085856601,0.42992859836406483,0.45105450793787283,0.4692744527965562,,,,0.23865753317060412,12
"Lubbock, TX Metro Area",0.4897230923085162,0.6994556765163298,0.501415283612357,0.4897230923085162,,,,,,,,,,,,0.563531350812401,4
"Lynchburg, VA Metro Area",0.0,,,,,,,,,,,,,,,0.0,1
"Macon-Bibb County, GA Metro Area",0.0,,,,,,,,,,,,,,,0.0,1
"Madera, CA Metro Area",0.0,,,,,,,,,,,,,,,0.0,1
"Madison, WI Metro Area",0.0,,,,,,,,,,,,,,,0.0,1
"Manchester-Nashua, NH Metro Area",0.06585492733361509,0.06585492733361509,,,,,,,,,,,,,,0.0,2
"Manhattan, KS Metro Area",0.0,,,,,,,,,,,,,,,0.0,1
"Mankato, MN Metro Area",0.0,,,,,,,,,,,,,,,0.0,1
"Mansfield, OH Metro Area",0.0,,,,,,,,,,,,,,,0.0,1
"McAllen-Edinburg-Mission, TX Metro Area",0.08435197141674244,0.04474798185220741,0.08435197141674244,,,,,,,,,,,,,0.0,3
"Medford, OR Metro Area",0.5512942671113228,0.5512942671113228,,,,,,,,,,,,,,0.0,2
"Memphis, TN-MS-AR Metro Area",0.3516739392734136,0.6876291856138901,0.23485390258111105,0.20000321616216243,0.21864039087143106,0.24615832936119686,0.2761469745851216,0.30513959302727345,0.33059049629258974,0.3516739392734137,,,,,,0.3741621014523879,10
"Merced, CA Metro Area",0.4291253663060485,0.5949502937189336,0.46613958221317997,0.4272687720540018,0.4291253663060485,,,,,,,,,,,0.4961195493287051,5
"Miami-Fort Lauderdale-Pompano Beach, FL Metro Area",0.5842785378749437,0.5808594342047169,0.4225560069650255,0.3741413752497339,0.3739130050939905,0.38158239997431587,0.3964674580345213,0.40267128828921706,0.4138219694143226,0.426438788036007,0.4395637341164045,0.45272106630933817,0.4655791566992844,0.4779279548740598,0.48957922649188756,0.45918560547315873,27
"Michigan City-La Porte, IN Metro Area",0.0,,,,,,,,,,,,,,,0.0,1
"Midland, MI Metro Area",0.0,,,,,,,,,,,,,,,0.0,1
"Midland, TX Metro Area",0.0,,,,,,,,,,,,,,,0.0,1
"Milwaukee-Waukesha, WI Metro Area",0.195803587081537,0.9776779729186218,0.3137597541562772,0.16456452149629985,0.1416430030000766,0.15260697682214763,0.17281725391576108,0.195803587081537,,,,,,,,0.4853340828570663,8
"Minneapolis-St. Paul-Bloomington, MN-WI Metro Area",0.42119624425807123,0.24736795448738336,0.23755739545895238,0.2741264317515544,0.2932426079713052,0.3217160708221888,0.35026416696472484,0.3761396057664764,0.3998703925661691,0.42119624425807123,,,,,,0.25301726056596335,10
"Missoula, MT Metro Area",0.0,,,,,,,,,,,,,,,0.0,1
"Mobile, AL Metro Area",0.1703921079239521,0.9716417910447761,0.15946064509499625,0.1007423961447228,0.11401823512024134,0.14036921668856872,0.1703921079239521,,,,,,,,,0.41061494409483174,7
"Modesto, CA Metro Area",0.4325467079272697,0.5149511213341,0.490745800449095,0.4469516781785601,0.4261689548867049,0.4325467079272697,,,,,,,,,,0.4842161999872517,6
"Monroe, LA Metro Area",0.3062035450508076,0.6588959962094291,0.3062035450508076,,,,,,,,,,,,,0.0,3
"Monroe, MI Metro Area",0.0,,,,,,,,,,,,,,,0.0,1
"Montgomery, AL Metro Area",0.11490040013446257,0.11490040013446257,,,,,,,,,,,,,,0.0,2
"Morgantown, WV Metro Area",0.0,,,,,,,,,,,,,,,0.0,1
"Morristown, TN Metro Area",0.0,,,,,,,,,,,,,,,0.0,1
"Mount Vernon-Anacortes, WA Metro Area",0.0,,,,,,,,,,,,,,,0.0,1
"Muncie, IN Metro Area",0.0,,,,,,,,,,,,,,,0.0,1
"Muskegon, MI Metro Area",0.0,,,,,,,,,,,,,,,0.0,1
"Myrtle Beach-Conway-North Myrtle Beach, SC-NC Metro Area",0.24589856689684042,0.07968898728355844,0.12968383569519204,0.19213015983875104,0.24589856689684042,,,,,,,,,,,0.13383432760583383,5
"Napa, CA Metro Area",0.0,,,,,,,,,,,,,,,0.0,1
"Naples-Marco Island, FL Metro Area",0.1852756082492395,0.17832794160896182,0.1852756082492395,,,,,,,,,,,,,0.0,3
"Nashville-Davidson--Murfreesboro--Franklin, TN Metro Area",0.34369977892597203,0.8383460116176344,0.33872564984276454,0.2084105715201009,0.1945764487423054,0.2106319726287933,0.2319254008461863,0.2560544040589231,0.27977494941738756,0.3026286089044268,0.32392236328678836,0.34369977892597203,,,,0.46182741099349994,12
"New Bern, NC Metro Area",0.0,,,,,,,,,,,,,,,0.0,1
"New Haven-Milford, CT Metro Area",0.29121609819602623,0.28762710263701896,0.18814082055646153,0.21193377369725663,0.2514559844946179,0.29121609819602623,,,,,,,,,,0.22923389896357904,6
"New Orleans-Metairie, LA Metro Area",0.4655605034157152,0.2332740443375697,0.24146866492590957,0.2541115221724001,0.28763824314985253,0.3217490999692979,0.3530028841008537,0.3809080506859279,0.4055989097804019,0.42756902158351096,0.4475283677151559,0.4655605034157152,,,,0.24295141047862645,12
"New York-Newark-Jersey City, NY-NJ-PA Metro Area",0.6751873774986363,0.5877062027218546,0.3356852310845203,0.2707897739514521,0.2772553398540636,0.2953284554676171,0.31727007896566306,0.3387076219279912,0.35984499925882896,0.3802486040012625,0.3994901167437859,0.41678929488727157,0.4325129802341263,0.4473049823236035,0.46111585008272715,0.3980604025859423,49
"Niles, MI Metro Area",0.16088525045095048,0.16088525045095048,,,,,,,,,,,,,,0.0,2
"North Port-Sarasota-Bradenton, FL Metro Area",0.3442335227140577,0.2500456533230814,0.19467352156270623,0.22788962209034525,0.2691937068401775,0.3086114568030256,0.3442335227140577,,,,,,,,,0.2242029323253776,7
"Norwich-New London, CT Metro Area",0.08635448812558699,0.08635448812558699,,,,,,,,,,,,,,0.0,2
"Ocala, FL Metro Area",0.10434754902741716,0.10434754902741716,,,,,,,,,,,,,,0.0,2
"Odessa, TX Metro Area",0.0,,,,,,,,,,,,,,,0.0,1
"Ogden-Clearfield, UT Metro Area",0.31085089738411464,0.15939522261652705,0.20721705162007276,0.2638295884569555,0.31085089738411464,,,,,,,,,,,0.21014728756451842,5
"Oklahoma City, OK Metro Area",0.4378676494009385,0.6735225261234512,0.31986296280072635,0.25277802856783027,0.2544365860283222,0.2752650887157674,0.30116669250992345,0.32403463076415606,0.3467847965358354,0.3679173902245103,0.3873223950129828,0.4054764437661814,0.42233383622164944,0.4378676494009385,,0.4153878391640026,14
"Olympia-Lacey-Tumwater, WA Metro Area",0.0,,,,,,,,,,,,,,,0.0,1
"Omaha-Council Bluffs, NE-IA Metro Area",0.33472865823538167,0.07592094895789481,0.12826576009288804,0.19739157637371452,0.24959845223115007,0.2953332426618075,0.33472865823538167,,,,,,,,,0.13385942847483245,7
"Orlando-Kissimmee-Sanford, FL Metro Area",0.32286036001944485,0.7436141199969271,0.7474291816547644,0.5442956178221181,0.3951663027152862,0.3352984649390386,0.3079167118029126,0.3033274674661962,0.3066531839216685,0.31387696919856933,0.32286036001944485,,,,,0.6784463064912698,11
"Oshkosh-Neenah, WI Metro Area",0.0,,,,,,,,,,,,,,,0.0,1
"Owensboro, KY Metro Area",0.0,,,,,,,,,,,,,,,0.0,1
"Oxnard-Thousand Oaks-Ventura, CA Metro Area",0.09733749441637685,0.04908280271432863,0.09733749441637707,,,,,,,,,,,,,0.0,3
"Palm Bay-Melbourne-Titusville, FL Metro Area",0.39985352801401897,0.411522633744856,0.3922405719919463,0.3842125423830147,0.39985352801401897,,,,,,,,,,,0.395991916039939,5
"Parkersburg-Vienna, WV Metro Area",0.0,,,,,,,,,,,,,,,0.0,1
"Pensacola-Ferry Pass-Brent, FL Metro Area",0.13039001297351205,0.11788832389906934,0.13039001297351205,,,,,,,,,,,,,0.0,3
"Peoria, IL Metro Area",0.17300145403764267,0.07676635174925694,0.10890205162140687,0.17300145403764267,,,,,,,,,,,,0.11955661913610216,4
"Philadelphia-Camden-Wilmington, PA-NJ-DE-MD Metro Area",0.5436603656932186,0.3158590107466883,0.18396257171655495,0.20162149275078733,0.2391042320025103,0.27779192699661737,0.31362850575923906,0.3457042534395637,0.37428386934271785,0.39962942020939385,0.4223394042596359,0.44278126506267623,0.46125968924876615,0.4780679152374845,0.49342074726451657,0.23381435840467688,19
"Phoenix-Mesa-Chandler, AZ Metro Area",0.55639531822613,0.5006486660212668,0.3908183055070339,0.4015836205266855,0.40367646255555933,0.3879036800729825,0.38639062837416094,0.3939469096316768,0.40608637722377094,0.4196755307880712,0.4326415006594512,0.4455660987513137,0.4583452571454296,0.4706461088838365,0.48243563307310056,0.4310168640183287,23
"Pine Bluff, AR Metro Area",0.0,,,,,,,,,,,,,,,0.0,1
"Pittsburgh, PA Metro Area",0.5447686319648755,0.38592265018506633,0.2841452390731414,0.2828289817374079,0.3001736116537279,0.3220751064769396,0.3477378836390975,0.37192764622751584,0.394848700870684,0.416127245246395,0.4355581032932172,0.45347260488251406,0.46997362344114857,0.48515641720077785,0.499177277061591,0.31763229033187185,19
"Pittsfield, MA Metro Area",0.0,,,,,,,,,,,,,,,0.0,1
"Pocatello, ID Metro Area",0.0,,,,,,,,,,,,,,,0.0,1
"Port St. Lucie, FL Metro Area",0.24056526018569424,0.224105461393597,0.19824197209605077,0.24056526018569424,,,,,,,,,,,,0.22097089789178068,4
"Portland-South Portland, ME Metro Area",0.1007319485657765,0.1007319485657765,,,,,,,,,,,,,,0.0,2
"Portland-Vancouver-Hillsboro, OR-WA Metro Area",0.4799202727402262,0.324144835171033,0.2310202670100957,0.2431444402849664,0.2763394555973653,0.3110186876871739,0.34379097364506805,0.37352745562144674,0.3999611109501999,0.4233248195885617,0.44407993840176674,0.462908983217466,0.4799202727402262,,,0.2661031808220317,13
"Poughkeepsie-Newburgh-Middletown, NY Metro Area",0.11745766602779628,0.9971048416902797,0.9647554969208239,0.25851453911937106,0.11745766602779628,,,,,,,,,,,0.7401249592434915,5
"Prescott Valley-Prescott, AZ Metro Area",0.0,,,,,,,,,,,,,,,0.0,1
"Providence-Warwick, RI-MA Metro Area",0.41005860259342675,0.5246781649187335,0.5264423556409513,0.4380096729545967,0.3969755519732111,0.37136658649835785,0.36731552466201056,0.3747290536351221,0.38669692248337706,0.39781867438122454,0.41005860259342675,,,,,0.4963767311714271,11
"Provo-Orem, UT Metro Area",0.0,,,,,,,,,,,,,,,0.0,1
"Pueblo, CO Metro Area",0.30630186392944336,0.21005943016955075,0.25428749409520546,0.2772396103456164,0.30630186392944336,,,,,,,,,,,0.24719551153679087,5
"Punta Gorda, FL Metro Area",0.0,,,,,,,,,,,,,,,0.0,1
"Racine, WI Metro Area",0.08909479686386312,0.08909479686386312,,,,,,,,,,,,,,0.0,2
"Raleigh-Cary, NC Metro Area",0.3763923240068773,0.13776795098058658,0.15751136777562902,0.2078881791464583,0.25985009811806037,0.3047477302369933,0.34361578902973056,0.3763923240068773,,,,,,,,0.1677224993008913,8
"Rapid City, SD Metro Area",0.0,,,,,,,,,,,,,,,0.0,1
"Reading, PA Metro Area",0.0,,,,,,,,,,,,,,,0.0,1
"Redding, CA Metro Area",0.0,,,,,,,,,,,,,,,0.0,1
"Reno, NV Metro Area",0.22912670188758066,0.9434161232135424,0.22912670188758066,,,,,,,,,,,,,0.0,3
"Richmond, VA Metro Area",0.042287269945551875,0.042287269945551875,,,,,,,,,,,,,,0.0,2
"Riverside-San Bernardino-Ontario, CA Metro Area",0.6023425041456754,0.6495499477276397,0.45852748611414995,0.3627075141435574,0.34877585517056453,0.3466167333479647,0.3522433829419822,0.36501042708884124,0.3802893988160433,0.3955124491870491,0.4109789139849864,0.4257941994013321,0.43982948429214574,0.453035808775372,0.46539066450587685,0.49026164932844907,33
"Roanoke, VA Metro Area",0.09371882716554103,0.09371882716554103,,,,,,,,,,,,,,0.0,2
"Rochester, MN Metro Area",0.0,,,,,,,,,,,,,,,0.0,1
"Rochester, NY Metro Area",0.07125659635307269,0.016666479550021873,0.07125659635307269,,,,,,,,,,,,,0.0,3
"Rockford, IL Metro Area",0.20661761712187576,0.11419611051456424,0.15081691666195007,0.20661761712187576,,,,,,,,,,,,0.15721021476613004,4
"Rocky Mount, NC Metro Area",0.0,,,,,,,,,,,,,,,0.0,1
"Rome, GA Metro Area",0.0,,,,,,,,,,,,,,,0.0,1
"Sacramento-Roseville-Folsom, CA Metro Area",0.5264595991998069,0.4736589319484886,0.3872886738320751,0.3561222249416057,0.35970199840269,0.376576275818306,0.3962263463239045,0.4075240650375328,0.4204307601920797,0.43425262584402247,0.44788317827348245,0.46029790402719617,0.47245371714149675,0.48425955556905464,0.49557364472790255,0.40568994357405647,18
"Saginaw, MI Metro Area",0.0,,,,,,,,,,,,,,,0.0,1
"Salem, OR Metro Area",0.2696509109960773,0.1489714809800411,0.17457534563124666,0.2239114408241265,0.2696509109960773,,,,,,,,,,,0.1824860891451381,5
"Salinas, CA Metro Area",0.14242362766153605,0.10560870710085135,0.14242362766153616,,,,,,,,,,,,,0.0,3
"Salisbury, MD-DE Metro Area",0.0,,,,,,,,,,,,,,,0.0,1
"Salt Lake City, UT Metro Area",0.3915472581334697,0.3421801544000881,0.28365346237524025,0.3118438681587026,0.34211403564201015,0.36643568918728,0.3915472581334697,,,,,,,,,0.31255916164467695,7
"San Angelo, TX Metro Area",0.0,,,,,,,,,,,,,,,0.0,1
"San Antonio-New Braunfels, TX Metro Area",0.5537378811775072,0.3807331161542884,0.31693219685997165,0.31248315348344613,0.3266997713774026,0.3519313889399509,0.37578803418443507,0.397960677183244,0.4187852393701962,0.43726977064513484,0.45471533785119433,0.47072900126986883,0.4856047679284643,0.4994697935056355,0.511992328245771,0.33671615549923545,19
"San Diego-Chula Vista-Carlsbad, CA Metro Area",0.5714625145573793,0.3715128208612466,0.3744489924186839,0.3915941909760111,0.4219957743320927,0.44738109903140577,0.4461072753444527,0.447910937116769,0.45349703737434677,0.4624642147068385,0.47212886291321376,0.4825096274708385,0.49301602259595945,0.5032176649117199,0.5132577768355786,0.3791853347519805,22
"San Francisco-Oakland-Berkeley, CA Metro Area",0.47637134363595257,0.06375883034428786,0.09847134463263973,0.1658614685030193,0.22637215713613346,0.27648372283034606,0.3188721638170313,0.3549189430741436,0.3859703370748164,0.4127823866563979,0.43645740486803686,0.4575086298561969,0.47637134363595257,,,0.1093638811599823,13
"San Jose-Sunnyvale-Santa Clara, CA Metro Area",0.465130762236185,0.6791046456639719,0.46991936269847645,0.3964579695243202,0.3957310426889592,0.3972863683883483,0.40991425926481695,0.4194397410057068,0.4321149457153174,0.44498045192541813,0.45752183482210573,0.465130762236185,,,,0.5151606592955895,12
"Santa Cruz-Watsonville, CA Metro Area",0.42341621621621617,0.42341621621621617,,,,,,,,,,,,,,0.0,2
"Santa Fe, NM Metro Area",0.238924287076424,0.4744628256322495,0.24281583708032817,0.238924287076424,,,,,,,,,,,,0.3187343165963339,4
"Santa Maria-Santa Barbara, CA Metro Area",0.4077719487333047,0.7619741395010017,0.4675892800425766,0.4077719487333047,,,,,,,,,,,,0.5457784560922944,4
"Santa Rosa-Petaluma, CA Metro Area",0.18852948417215432,0.06674402837175342,0.11920058946653855,0.18852948417215432,,,,,,,,,,,,0.12482470067014877,4
"Savannah, GA Metro Area",0.0,,,,,,,,,,,,,,,0.0,1
"Scranton--Wilkes-Barre, PA Metro Area",0.5520636615693852,0.5260781599403684,0.5520636615693852,,,,,,,,,,,,,0.0,3
"Seattle-Tacoma-Bellevue, WA Metro Area",0.27893329737218475,0.058763595718154815,0.10324313468020574,0.16907495386788773,0.22866220779848656,0.27893329737218475,,,,,,,,,,0.11036056142208277,6
"Sebastian-Vero Beach, FL Metro Area",0.0,,,,,,,,,,,,,,,0.0,1
"Sebring-Avon Park, FL Metro Area",0.0,,,,,,,,,,,,,,,0.0,1
"Sheboygan, WI Metro Area",0.0,,,,,,,,,,,,,,,0.0,1
"Shreveport-Bossier City, LA Metro Area",0.1339462381159211,0.1339462381159211,,,,,,,,,,,,,,0.0,2
"Sierra Vista-Douglas, AZ Metro Area",0.0,,,,,,,,,,,,,,,0.0,1
"Sioux City, IA-NE-SD Metro Area",0.0,,,,,,,,,,,,,,,0.0,1
"Sioux Falls, SD Metro Area",0.16892365401387988,0.13345430978613093,0.16892365401387988,,,,,,,,,,,,,0.0,3
"South Bend-Mishawaka, IN-MI Metro Area",0.3314609862230722,0.1562699323893354,0.19660427218418497,0.24191879163581953,0.2890281556262534,0.3314609862230722,,,,,,,,,,0.19826433206977997,6
"Spartanburg, SC Metro Area",0.11346488682530476,0.11346488682530476,,,,,,,,,,,,,,0.0,2
"Spokane-Spokane Valley, WA Metro Area",0.10875784725513471,0.05762263318736016,0.10875784725513471,,,,,,,,,,,,,0.0,3
"Springfield, IL Metro Area",0.14727424764729513,0.12009954429397884,0.14727424764729524,,,,,,,,,,,,,0.0,3
"Springfield, MA Metro Area",0.312069388958903,0.21667154481063045,0.23049521331296496,0.2452089297464457,0.2774288277278403,0.3120693889589029,,,,,,,,,,0.23079189595668037,6
"Springfield, MO Metro Area",0.0,,,,,,,,,,,,,,,0.0,1
"Springfield, OH Metro Area",0.0,,,,,,,,,,,,,,,0.0,1
"St. Cloud, MN Metro Area",0.0,,,,,,,,,,,,,,,0.0,1
"St. George, UT Metro Area",0.5082415351720031,0.5082415351720031,,,,,,,,,,,,,,0.0,2
"St. Joseph, MO-KS Metro Area",0.0,,,,,,,,,,,,,,,0.0,1
"St. Louis, MO-IL Metro Area",0.4374548199956677,0.04717152952318504,0.09540408022496571,0.1648838404828601,0.22627373500739179,0.27724276564290107,0.31983729994473664,0.3560780322743168,0.38723994166056563,0.4139206783218501,0.4374548199956677,,,,,0.10248648341033695,11
"State College, PA Metro Area",0.0,,,,,,,,,,,,,,,0.0,1
"Stockton, CA Metro Area",0.4072861100061943,0.7447153827883778,0.4062545562208044,0.3604338926134917,0.3477288770654756,0.35463989169498644,0.3711816049722423,0.3901266132319221,0.4072861100061943,,,,,,,0.503801277207558,9
"Syracuse, NY Metro Area",0.046115229700542826,0.046115229700542826,,,,,,,,,,,,,,0.0,2
"Tallahassee, FL Metro Area",0.07041622231495648,0.07041622231495648,,,,,,,,,,,,,,0.0,2
"Tampa-St. Petersburg-Clearwater, FL Metro Area",0.5723795360342319,0.5017541295132291,0.28298383832442553,0.25873954175070646,0.27780813002933724,0.3051295735530901,0.3340273730756297,0.3610627384938896,0.3855884177198884,0.4079173466776391,0.42827389293281315,0.44647441127884613,0.46321229754418547,0.4785317404468119,0.49271552002336794,0.3478258365294537,23
"Terre Haute, IN Metro Area",0.0,,,,,,,,,,,,,,,0.0,1
"Texarkana, TX-AR Metro Area",0.0,,,,,,,,,,,,,,,0.0,1
"Toledo, OH Metro Area",0.3113605771475513,0.130529490616622,0.17245319664921965,0.22035631559133517,0.2694270695228316,0.3113605771475513,,,,,,,,,,0.17444633428572562,6
"Topeka, KS Metro Area",0.085428112137646,0.085428112137646,,,,,,,,,,,,,,0.0,2
"Trenton-Princeton, NJ Metro Area",0.0,,,,,,,,,,,,,,,0.0,1
"Tucson, AZ Metro Area",0.4485607261701281,0.34160873882820253,0.364691460224407,0.3489928921828753,0.3664645271515409,0.3832188427223966,0.40085953722203227,0.41773892731885987,0.43354840900409375,0.4485607261701281,,,,,,0.35176436374516157,10
"Tulsa, OK Metro Area",0.3212464009457099,0.7153714428645643,0.7005792175571349,0.7102475950312503,0.44200726546660896,0.35821118764751325,0.3268296025598719,0.31788245085507516,0.3167379898439461,0.3212464009457099,,,,,,0.7087327518176498,10
"Tuscaloosa, AL Metro Area",0.0,,,,,,,,,,,,,,,0.0,1
"Tyler, TX Metro Area",0.0,,,,,,,,,,,,,,,0.0,1
"Utica-Rome, NY Metro Area",0.08821838362122836,0.08821838362122836,,,,,,,,,,,,,,0.0,2
"Valdosta, GA Metro Area",0.0,,,,,,,,,,,,,,,0.0,1
"Vallejo, CA Metro Area",0.18407083949147107,0.10144351741491198,0.12194266170348078,0.18407083949147107,,,,,,,,,,,,0.13581900620328793,4
"Victoria, TX Metro Area",0.0,,,,,,,,,,,,,,,0.0,1
"Vineland-Bridgeton, NJ Metro Area",0.0,,,,,,,,,,,,,,,0.0,1
"Virginia Beach-Norfolk-Newport News, VA-NC Metro Area",0.44504058379805256,0.7665653253322359,0.616719621005299,0.3673328397020832,0.30255051558793244,0.2908125186450343,0.2963138074703179,0.31036350008956026,0.3275425241737333,0.34508829487918435,0.3626020679807537,0.3791876834922472,0.39486968156714786,0.4090636005959616,0.42199657056784323,0.5835392620132059,17
"Visalia, CA Metro Area",0.5133137925366544,0.8130427474928568,0.5600538910857087,0.5202808867414246,0.5133137925366544,,,,,,,,,,,0.63112584177333,5
"Waco, TX Metro Area",0.0,,,,,,,,,,,,,,,0.0,1
"Walla Walla, WA Metro Area",0.3200890764181903,0.3200890764181903,,,,,,,,,,,,,,0.0,2
"Warner Robins, GA Metro Area",0.0,,,,,,,,,,,,,,,0.0,1
"Washington-Arlington-Alexandria, DC-VA-MD-WV Metro Area",0.6432698920816446,0.28784056765519694,0.3068455888615633,0.3051554298784698,0.32634635770203413,0.34976298947088247,0.3720102207550805,0.39357812112782586,0.4142503112676337,0.4334473003970911,0.45137037887931064,0.46791792665090837,0.4831064309702904,0.4972543424857052,0.5104024652749928,0.2999471954650767,32
"Waterloo-Cedar Falls, IA Metro Area",0.14329463234056872,0.14329463234056872,,,,,,,,,,,,,,0.0,2
"Watertown-Fort Drum, NY Metro Area",0.0,,,,,,,,,,,,,,,0.0,1
"Wausau-Weston, WI Metro Area",0.0,,,,,,,,,,,,,,,0.0,1
"Weirton-Steubenville, WV-OH Metro Area",0.23297849335044885,0.22408003837456314,0.23297849335044885,,,,,,,,,,,,,0.0,3
"Wenatchee, WA Metro Area",0.0,,,,,,,,,,,,,,,0.0,1
"Wheeling, WV-OH Metro Area",0.22145121599083295,0.27932767284699356,0.22145121599083295,,,,,,,,,,,,,0.0,3
"Wichita Falls, TX Metro Area",0.0,,,,,,,,,,,,,,,0.0,1
"Wichita, KS Metro Area",0.4181815942436574,0.11874080189525826,0.15334925964324553,0.2172708356206825,0.2739223229220429,0.32139941118555293,0.3600214157149939,0.39115530655528186,0.4181815942436574,,,,,,,0.1631202990530621,9
"Williamsport, PA Metro Area",0.0,,,,,,,,,,,,,,,0.0,1
"Wilmington, NC Metro Area",0.10082708828367759,0.10082708828367759,,,,,,,,,,,,,,0.0,2
"Winchester, VA-WV Metro Area",0.0,,,,,,,,,,,,,,,0.0,1
"Winston-Salem, NC Metro Area",0.17838175857907634,0.07097908765387628,0.11924683405774272,0.17838175857907634,,,,,,,,,,,,0.12286922676356511,4
"Worcester, MA-CT Metro Area",0.09305120820121704,0.042301726294721065,0.09305120820121704,,,,,,,,,,,,,0.0,3
"Yakima, WA Metro Area",0.0881540643427633,0.0881540643427633,,,,,,,,,,,,,,0.0,2
"York-Hanover, PA Metro Area",0.07576412472985494,0.07576412472985494,,,,,,,,,,,,,,0.0,2
"Youngstown-Warren-Boardman, OH-PA Metro Area",0.5217474903652255,0.25195027589268726,0.2667059256366191,0.3117691139193589,0.3568683059050176,0.3891339833731461,0.41791605201564064,0.4421088571828139,0.4610795799576195,0.4783207175644454,0.4941311026686558,0.5089332547405832,0.5217474903652255,,,0.27680843848288844,13
"Yuba City, CA Metro Area",0.23333528242310841,0.23333528242310841,,,,,,,,,,,,,,0.0,2
"Yuma, AZ Metro Area",0.1183077350478231,0.1183077350478231,,,,,,,,,,,,,,0.0,2
