NAMELSAD,std_dev_all,std_dev_2,std_dev_3,std_dev_4,std_dev_5,std_dev_6,std_dev_7,std_dev_8,std_dev_9,std_dev_10,std_dev_11,std_dev_12,std_dev_13,std_dev_14,std_dev_15,avg_std_dev_2_to_4
"Abilene, TX Metro Area",0.0,,,,,,,,,,,,,,,0.0
"Akron, OH Metro Area",0.1917982694363728,0.8697768704763809,0.1917982694363728,,,,,,,,,,,,,0.0
"Albany, GA Metro Area",0.0,,,,,,,,,,,,,,,0.0
"Albany-Lebanon, OR Metro Area",0.0,,,,,,,,,,,,,,,0.0
"Albany-Schenectady-Troy, NY Metro Area",0.2499306665331461,0.8656486553242186,0.5715060654663067,0.2974234090385013,0.24044369252148456,0.23538647695483728,0.23996188818848385,0.2499306665331461,,,,,,,,0.5781927099430089
"Albuquerque, NM Metro Area",0.24829555332897657,0.2941386555872356,0.1849564322139774,0.20812707423755816,0.24829555332897657,,,,,,,,,,,0.22907405401292372
"Alexandria, LA Metro Area",0.25752889880348817,0.25752889880348817,,,,,,,,,,,,,,0.0
"Allentown-Bethlehem-Easton, PA-NJ Metro Area",0.3159469943095674,0.3159469943095674,,,,,,,,,,,,,,0.0
"Altoona, PA Metro Area",0.0692589754816112,0.0692589754816112,,,,,,,,,,,,,,0.0
"Amarillo, TX Metro Area",0.08066575397252684,0.08066575397252684,,,,,,,,,,,,,,0.0
"Ames, IA Metro Area",0.0,,,,,,,,,,,,,,,0.0
"Ann Arbor, MI Metro Area",0.10470017315622115,0.06591437994943827,0.10470017315622115,,,,,,,,,,,,,0.0
"Anniston-Oxford, AL Metro Area",0.0,,,,,,,,,,,,,,,0.0
"Appleton, WI Metro Area",0.0,,,,,,,,,,,,,,,0.0
"Asheville, NC Metro Area",0.024411035337879694,0.024411035337879694,,,,,,,,,,,,,,0.0
"Athens-Clarke County, GA Metro Area",0.0,,,,,,,,,,,,,,,0.0
"Atlanta-Sandy Springs-Alpharetta, GA Metro Area",0.4693173585333166,0.2003822388598232,0.22348307858445549,0.27819293019893376,0.3096964990064379,0.33724291948532625,0.3645370609523747,0.38998507192205734,0.41326843698964044,0.4337293584315359,0.45259908970532026,0.4693173585333166,,,,0.2340194158810708
"Atlantic City-Hammonton, NJ Metro Area",0.0,,,,,,,,,,,,,,,0.0
"Auburn-Opelika, AL Metro Area",0.40515088820717704,0.40515088820717704,,,,,,,,,,,,,,0.0
"Augusta-Richmond County, GA-SC Metro Area",0.0,,,,,,,,,,,,,,,0.0
"Austin-Round Rock-Georgetown, TX Metro Area",0.2576972458368534,0.5313527599114842,0.21848225978686187,0.20137716620649537,0.2266759681993633,0.2576972458368534,,,,,,,,,,0.3170707286349472
"Bakersfield, CA Metro Area",0.07428245235781239,0.02320905788155625,0.07428245235781239,,,,,,,,,,,,,0.0
"Baltimore-Columbia-Towson, MD Metro Area",0.4386720348828763,0.08437854276511125,0.11940595218640959,0.17906874744011347,0.23578506139797462,0.28429511994011236,0.3248048988260338,0.3596260441465976,0.38982235840155743,0.4159274001164168,0.4386720348828763,,,,,0.1276177474638781
"Bangor, ME Metro Area",0.0,,,,,,,,,,,,,,,0.0
"Barnstable Town, MA Metro Area",0.22555022339897401,0.22555022339897401,,,,,,,,,,,,,,0.0
"Baton Rouge, LA Metro Area",0.028925276369379138,0.028925276369379138,,,,,,,,,,,,,,0.0
"Battle Creek, MI Metro Area",0.0688086926594228,0.0688086926594228,,,,,,,,,,,,,,0.0
"Bay City, MI Metro Area",0.0,,,,,,,,,,,,,,,0.0
"Beaumont-Port Arthur, TX Metro Area",0.32416134753314585,0.5322496564143879,0.4946109737460843,0.360855130035731,0.33397982317045827,0.32416134753314585,,,,,,,,,,0.4625719200654011
"Beckley, WV Metro Area",0.0,,,,,,,,,,,,,,,0.0
"Bellingham, WA Metro Area",0.06836429701693725,0.06836429701693725,,,,,,,,,,,,,,0.0
"Bend, OR Metro Area",0.0,,,,,,,,,,,,,,,0.0
"Billings, MT Metro Area",0.10227818188531557,0.10227818188531557,,,,,,,,,,,,,,0.0
"Binghamton, NY Metro Area",0.19950624828968222,0.21706519950154002,0.19950624828968222,,,,,,,,,,,,,0.0
"Birmingham-Hoover, AL Metro Area",0.0670008162940251,0.0670008162940251,,,,,,,,,,,,,,0.0
"Bismarck, ND Metro Area",0.0,,,,,,,,,,,,,,,0.0
"Blacksburg-Christiansburg, VA Metro Area",0.1922942505482067,0.18641390205371244,0.1922942505482067,,,,,,,,,,,,,0.0
"Bloomington, IL Metro Area",0.0,,,,,,,,,,,,,,,0.0
"Bloomington, IN Metro Area",0.0,,,,,,,,,,,,,,,0.0
"Boise City, ID Metro Area",0.3196140613575573,0.21473881115319438,0.20998211249633236,0.24506013915511526,0.28276816381837055,0.3196140613575573,,,,,,,,,,0.223260354268214
"Boston-Cambridge-Newton, MA-NH Metro Area",0.3081369497872961,0.09173332399838974,0.14067780364608717,0.2076281466471206,0.26282475566219465,0.3081369497872961,,,,,,,,,,0.14667975809719916
"Boulder, CO Metro Area",0.05197320131807037,0.05197320131807037,,,,,,,,,,,,,,0.0
"Bowling Green, KY Metro Area",0.0,,,,,,,,,,,,,,,0.0
"Bremerton-Silverdale-Port Orchard, WA Metro Area",0.04502760154898244,0.04502760154898244,,,,,,,,,,,,,,0.0
"Bridgeport-Stamford-Norwalk, CT Metro Area",0.1645232627578913,0.7959810779121013,0.1645232627578913,,,,,,,,,,,,,0.0
"Brownsville-Harlingen, TX Metro Area",0.21097336660149013,0.20357341456928024,0.21097336660149013,,,,,,,,,,,,,0.0
"Brunswick, GA Metro Area",0.33012288276320156,0.33012288276320156,,,,,,,,,,,,,,0.0
"Buffalo-Cheektowaga, NY Metro Area",0.143092057507601,0.1306970948914683,0.143092057507601,,,,,,,,,,,,,0.0
"Burlington, NC Metro Area",0.061608056438149594,0.061608056438149594,,,,,,,,,,,,,,0.0
"Burlington-South Burlington, VT Metro Area",0.15799993210721952,0.11957056220291751,0.15799993210721952,,,,,,,,,,,,,0.0
"California-Lexington Park, MD Metro Area",0.0,,,,,,,,,,,,,,,0.0
"Canton-Massillon, OH Metro Area",0.04661224853918555,0.04661224853918555,,,,,,,,,,,,,,0.0
"Cape Coral-Fort Myers, FL Metro Area",0.29507253153395985,0.819350353279762,0.3836006144360785,0.27461235110443494,0.2592849726918667,0.27063243560224604,0.27997707336778,0.29507253153395985,,,,,,,,0.49252110627342516
"Cape Girardeau, MO-IL Metro Area",0.0,,,,,,,,,,,,,,,0.0
"Carson City, NV Metro Area",0.4337889780573283,0.6032475247524752,0.4337889780573283,,,,,,,,,,,,,0.0
"Casper, WY Metro Area",0.0,,,,,,,,,,,,,,,0.0
"Cedar Rapids, IA Metro Area",0.0,,,,,,,,,,,,,,,0.0
"Champaign-Urbana, IL Metro Area",0.0,,,,,,,,,,,,,,,0.0
"Charleston, WV Metro Area",0.1133080577818304,0.1133080577818304,,,,,,,,,,,,,,0.0
"Charleston-North Charleston, SC Metro Area",0.18471781643253038,0.18471781643253038,,,,,,,,,,,,,,0.0
"Charlotte-Concord-Gastonia, NC-SC Metro Area",0.395094871321084,0.11072682741343831,0.145402256775662,0.20063181481477843,0.2513360662827542,0.29608994823516943,0.3339993960838692,0.3670246398551261,0.395094871321084,,,,,,,0.1522536330012929
"Charlottesville, VA Metro Area",0.0,,,,,,,,,,,,,,,0.0
"Chattanooga, TN-GA Metro Area",0.07171453930844329,0.07171453930844329,,,,,,,,,,,,,,0.0
"Cheyenne, WY Metro Area",0.0,,,,,,,,,,,,,,,0.0
"Chicago-Naperville-Elgin, IL-IN-WI Metro Area",0.49346331334394367,0.10286637862284809,0.12399079089917187,0.18444691173067884,0.24039007460097717,0.28846190113291315,0.3272309025494283,0.36064860586788705,0.3897155674945775,0.41534667661597047,0.43810679145794085,0.45847390720755987,0.476818531113147,0.49346331334394355,,0.13710136041756626
"Chico, CA Metro Area",0.07527309302706364,0.07527309302706364,,,,,,,,,,,,,,0.0
"Cincinnati, OH-KY-IN Metro Area",0.2904440275875837,0.37619440365311496,0.24487588377461023,0.2396902364694744,0.26224949347203275,0.2904440275875837,,,,,,,,,,0.2869201746323999
"Clarksville, TN-KY Metro Area",0.0,,,,,,,,,,,,,,,0.0
"Cleveland, TN Metro Area",0.0,,,,,,,,,,,,,,,0.0
"Cleveland-Elyria, OH Metro Area",0.45590266794956735,0.28657817455656054,0.2627803642811132,0.27846987134187273,0.30091312284547844,0.3239273522474525,0.34958059865202484,0.3741983181746915,0.39746592554029647,0.41862953618848164,0.4381356298570549,0.45590266794956735,,,,0.27594280339318217
"Coeur d'Alene, ID Metro Area",0.0,,,,,,,,,,,,,,,0.0
"College Station-Bryan, TX Metro Area",0.0,,,,,,,,,,,,,,,0.0
"Colorado Springs, CO Metro Area",0.8374416863445258,0.8374416863445258,,,,,,,,,,,,,,0.0
"Columbia, MO Metro Area",0.15953999367688898,0.15953999367688898,,,,,,,,,,,,,,0.0
"Columbia, SC Metro Area",0.0,,,,,,,,,,,,,,,0.0
"Columbus, GA-AL Metro Area",0.0,,,,,,,,,,,,,,,0.0
"Columbus, IN Metro Area",0.0,,,,,,,,,,,,,,,0.0
"Columbus, OH Metro Area",0.32737191625452833,0.433480229889726,0.2728129172524437,0.25454814341413046,0.27260658544032823,0.301392807358133,0.32737191625452833,,,,,,,,,0.3202804301854334
"Corpus Christi, TX Metro Area",0.009375366225243154,0.009375366225243154,,,,,,,,,,,,,,0.0
"Corvallis, OR Metro Area",0.0,,,,,,,,,,,,,,,0.0
"Crestview-Fort Walton Beach-Destin, FL Metro Area",0.1618008396695494,0.1618008396695494,,,,,,,,,,,,,,0.0
"Cumberland, MD-WV Metro Area",0.0,,,,,,,,,,,,,,,0.0
"Dallas-Fort Worth-Arlington, TX Metro Area",0.5139536612903111,0.5962199491687846,0.5957946090808405,0.5767976324993045,0.48128471567012276,0.45515100803234854,0.44719255191808416,0.44842889575238587,0.4549802742955713,0.46211282587095515,0.4621943610839393,0.45949217625519356,0.4597206964676894,0.46234969131989434,0.4663684643623591,0.5896040635829766
"Dalton, GA Metro Area",0.0,,,,,,,,,,,,,,,0.0
"Danville, IL Metro Area",0.0,,,,,,,,,,,,,,,0.0
"Daphne-Fairhope-Foley, AL Metro Area",0.0,,,,,,,,,,,,,,,0.0
"Davenport-Moline-Rock Island, IA-IL Metro Area",0.16431434496885788,0.945623275645849,0.16431434496885788,,,,,,,,,,,,,0.0
"Dayton-Kettering, OH Metro Area",0.04302407200957925,0.04302407200957925,,,,,,,,,,,,,,0.0
"Decatur, AL Metro Area",0.07721393889915351,0.07721393889915351,,,,,,,,,,,,,,0.0
"Decatur, IL Metro Area",0.0,,,,,,,,,,,,,,,0.0
"Deltona-Daytona Beach-Ormond Beach, FL Metro Area",0.2132993104477644,0.18741394257738797,0.18225585434638447,0.2132993104477644,,,,,,,,,,,,0.19432303579051227
"Denver-Aurora-Lakewood, CO Metro Area",0.31949193616020044,0.984677979017268,0.509499933657771,0.31824419059434605,0.28157221227781826,0.24374600840599803,0.2375455831038109,0.24494152680342818,0.2578181515827297,0.27339437506922604,0.2899711044361589,0.30501328013353324,0.31949193616020044,,,0.604140701089795
"Des Moines-West Des Moines, IA Metro Area",0.2340591909981128,0.06582133944768276,0.10829210271088296,0.17620696350237453,0.2340591909981128,,,,,,,,,,,0.11677346855364674
"Detroit-Warren-Dearborn, MI Metro Area",0.4524765813514098,0.7012514037466053,0.7063223376755191,0.5183556584516094,0.40630357277964335,0.3633879511912801,0.33451775046357846,0.3284488302230141,0.33295861177910924,0.33820679594204384,0.3472594093371374,0.35756644051872033,0.36865660730952143,0.37999089978713674,0.3914126164104338,0.6419764666245779
"Dothan, AL Metro Area",0.0,,,,,,,,,,,,,,,0.0
"Dover, DE Metro Area",0.09864343497199746,0.09864343497199746,,,,,,,,,,,,,,0.0
"Dubuque, IA Metro Area",0.0,,,,,,,,,,,,,,,0.0
"Duluth, MN-WI Metro Area",0.06582599089267915,0.06582599089267915,,,,,,,,,,,,,,0.0
"Durham-Chapel Hill, NC Metro Area",0.5932445460063556,0.5932445460063556,,,,,,,,,,,,,,0.0
"East Stroudsburg, PA Metro Area",0.22296715463156602,0.22296715463156602,,,,,,,,,,,,,,0.0
"Eau Claire, WI Metro Area",0.0,,,,,,,,,,,,,,,0.0
"El Centro, CA Metro Area",0.6111648473124223,0.6111648473124223,,,,,,,,,,,,,,0.0
"El Paso, TX Metro Area",0.21296418172571752,0.32162755718129243,0.19746836220994057,0.21296418172571752,,,,,,,,,,,,0.24402003370565017
"Elizabethtown-Fort Knox, KY Metro Area",0.668378322115051,0.668378322115051,,,,,,,,,,,,,,0.0
"Elkhart-Goshen, IN Metro Area",0.0,,,,,,,,,,,,,,,0.0
"Elmira, NY Metro Area",0.5237864860506369,0.5237864860506369,,,,,,,,,,,,,,0.0
"Enid, OK Metro Area",0.0,,,,,,,,,,,,,,,0.0
"Erie, PA Metro Area",0.03683518977513667,0.03683518977513667,,,,,,,,,,,,,,0.0
"Eugene-Springfield, OR Metro Area",0.0,,,,,,,,,,,,,,,0.0
"Evansville, IN-KY Metro Area",0.0,,,,,,,,,,,,,,,0.0
"Fargo, ND-MN Metro Area",0.0,,,,,,,,,,,,,,,0.0
"Farmington, NM Metro Area",0.0,,,,,,,,,,,,,,,0.0
"Fayetteville, NC Metro Area",0.21125351968605888,0.20868619449118275,0.16834737076262984,0.21125351968605888,,,,,,,,,,,,0.19609569497995716
"Fayetteville-Springdale-Rogers, AR Metro Area",0.19047659140460182,0.2940297866861239,0.19047659140460194,,,,,,,,,,,,,0.0
"Flagstaff, AZ Metro Area",0.0,,,,,,,,,,,,,,,0.0
"Flint, MI Metro Area",0.23159310103091668,0.07354760102641733,0.11643087895240156,0.1760009830415269,0.23159310103091668,,,,,,,,,,,0.12199315434011526
"Florence, SC Metro Area",0.13783523401967157,0.13783523401967157,,,,,,,,,,,,,,0.0
"Florence-Muscle Shoals, AL Metro Area",0.0,,,,,,,,,,,,,,,0.0
"Fond du Lac, WI Metro Area",0.0,,,,,,,,,,,,,,,0.0
"Fort Collins, CO Metro Area",0.0,,,,,,,,,,,,,,,0.0
"Fort Smith, AR-OK Metro Area",0.0,,,,,,,,,,,,,,,0.0
"Fort Wayne, IN Metro Area",0.10086536869176621,0.050194382461871134,0.10086536869176621,,,,,,,,,,,,,0.0
"Fresno, CA Metro Area",0.1635157655393884,0.059796404703931993,0.0957962497000272,0.1635157655393884,,,,,,,,,,,,0.1063694733144492
"Gadsden, AL Metro Area",0.0,,,,,,,,,,,,,,,0.0
"Gainesville, FL Metro Area",0.045925518397715526,0.045925518397715526,,,,,,,,,,,,,,0.0
"Gainesville, GA Metro Area",0.0,,,,,,,,,,,,,,,0.0
"Glens Falls, NY Metro Area",0.23423660728984885,0.23423660728984885,,,,,,,,,,,,,,0.0
"Goldsboro, NC Metro Area",0.0,,,,,,,,,,,,,,,0.0
"Grand Forks, ND-MN Metro Area",0.0,,,,,,,,,,,,,,,0.0
"Grand Island, NE Metro Area",0.0,,,,,,,,,,,,,,,0.0
"Grand Junction, CO Metro Area",0.2086187214611872,0.2086187214611872,,,,,,,,,,,,,,0.0
"Grand Rapids-Kentwood, MI Metro Area",0.01857099365354442,0.01857099365354442,,,,,,,,,,,,,,0.0
"Grants Pass, OR Metro Area",0.0,,,,,,,,,,,,,,,0.0
"Great Falls, MT Metro Area",0.0,,,,,,,,,,,,,,,0.0
"Greeley, CO Metro Area",0.24413992940179696,0.072771734547601,0.12233354037117905,0.19105270254140816,0.24413992940179696,,,,,,,,,,,0.12871932582006274
"Green Bay, WI Metro Area",0.2313167188296864,0.695228793841381,0.2313167188296863,,,,,,,,,,,,,0.0
"Greensboro-High Point, NC Metro Area",0.1513364142132988,0.20992786774138894,0.1513364142132988,,,,,,,,,,,,,0.0
"Greenville, NC Metro Area",0.0,,,,,,,,,,,,,,,0.0
"Greenville-Anderson, SC Metro Area",0.02058599106766479,0.02058599106766479,,,,,,,,,,,,,,0.0
"Gulfport-Biloxi, MS Metro Area",0.4014065755072541,0.6103137396321674,0.5722643086248866,0.4477867481789938,0.4014065755072541,,,,,,,,,,,0.5434549321453493
"Hagerstown-Martinsburg, MD-WV Metro Area",0.0,,,,,,,,,,,,,,,0.0
"Hammond, LA Metro Area",0.0,,,,,,,,,,,,,,,0.0
"Hanford-Corcoran, CA Metro Area",0.4410808614384396,0.4410808614384396,,,,,,,,,,,,,,0.0
"Harrisburg-Carlisle, PA Metro Area",0.17218190709548087,0.07343589072896406,0.11083176934535888,0.17218190709548087,,,,,,,,,,,,0.1188165223899346
"Harrisonburg, VA Metro Area",0.0,,,,,,,,,,,,,,,0.0
"Hartford-East Hartford-Middletown, CT Metro Area",0.2299940499667089,0.39489706510098777,0.23791185824990801,0.2299940499667089,,,,,,,,,,,,0.28760099110586823
"Hattiesburg, MS Metro Area",0.0,,,,,,,,,,,,,,,0.0
"Hickory-Lenoir-Morganton, NC Metro Area",0.0,,,,,,,,,,,,,,,0.0
"Hilton Head Island-Bluffton, SC Metro Area",0.0,,,,,,,,,,,,,,,0.0
"Hinesville, GA Metro Area",0.0,,,,,,,,,,,,,,,0.0
"Homosassa Springs, FL Metro Area",0.6027820710973725,0.6027820710973725,,,,,,,,,,,,,,0.0
"Hot Springs, AR Metro Area",0.0,,,,,,,,,,,,,,,0.0
"Houma-Thibodaux, LA Metro Area",0.20882528070788153,0.26637764932562624,0.20882528070788153,,,,,,,,,,,,,0.0
"Houston-The Woodlands-Sugar Land, TX Metro Area",0.5354361035593422,0.056424112655632186,0.10105401149702675,0.17083651846728243,0.22846317675439975,0.2779669527482367,0.31952035444856675,0.35482410178740964,0.3854145837420596,0.4121666202713049,0.43577226732287455,0.4567956583610746,0.47566619211124694,0.49272396328877377,0.508230348685299,0.10943821420664712
"Huntington-Ashland, WV-KY-OH Metro Area",0.0,,,,,,,,,,,,,,,0.0
"Huntsville, AL Metro Area",0.07935039426115176,0.07935039426115176,,,,,,,,,,,,,,0.0
"Idaho Falls, ID Metro Area",0.0,,,,,,,,,,,,,,,0.0
"Indianapolis-Carmel-Anderson, IN Metro Area",0.44660022468930394,0.46222284516706047,0.4301854836950618,0.3125694273730014,0.2976338002045592,0.31035408696243594,0.33109046979312107,0.35340152300102257,0.374995567981361,0.39505016418196437,0.41384623329644543,0.4312248919172932,0.44660022468930394,,,0.4016592520783746
"Iowa City, IA Metro Area",0.10846135089002684,0.10846135089002684,,,,,,,,,,,,,,0.0
"Ithaca, NY Metro Area",0.21829749890302763,0.21829749890302763,,,,,,,,,,,,,,0.0
"Jackson, MI Metro Area",0.0,,,,,,,,,,,,,,,0.0
"Jackson, MS Metro Area",0.09862499719000684,0.04917865523926135,0.09862499719000684,,,,,,,,,,,,,0.0
"Jackson, TN Metro Area",0.0,,,,,,,,,,,,,,,0.0
"Jacksonville, FL Metro Area",0.3951756991195291,0.5395074272995597,0.5254077743551311,0.44775524693641533,0.3893984483306404,0.37901742030437424,0.3764597555900119,0.38337619634404285,0.3951756991195291,,,,,,,0.504223482863702
"Jacksonville, NC Metro Area",0.12861763465054143,0.12861763465054143,,,,,,,,,,,,,,0.0
"Janesville-Beloit, WI Metro Area",0.7918926340358344,0.7918926340358344,,,,,,,,,,,,,,0.0
"Jefferson City, MO Metro Area",0.27121126524804884,0.27121126524804884,,,,,,,,,,,,,,0.0
"Johnson City, TN Metro Area",0.07753087465841935,0.07753087465841935,,,,,,,,,,,,,,0.0
"Johnstown, PA Metro Area",0.18618622386458927,0.1541021632797136,0.18618622386458927,,,,,,,,,,,,,0.0
"Jonesboro, AR Metro Area",0.0,,,,,,,,,,,,,,,0.0
"Joplin, MO Metro Area",0.1178609554310115,0.1178609554310115,,,,,,,,,,,,,,0.0
"Kalamazoo-Portage, MI Metro Area",0.0,,,,,,,,,,,,,,,0.0
"Kankakee, IL Metro Area",0.0,,,,,,,,,,,,,,,0.0
"Kansas City, MO-KS Metro Area",0.42390657095907414,0.45405488569279506,0.38451397687042044,0.35867632030074903,0.3393678297392091,0.34382032796795836,0.35572383088348325,0.3720831504779091,0.3898387526024736,0.40708753875223735,0.42390657095907414,,,,,0.3990817276213215
"Kennewick-Richland, WA Metro Area",0.4446588716085821,0.4446588716085821,,,,,,,,,,,,,,0.0
"Killeen-Temple, TX Metro Area",0.06837770043311087,0.06837770043311087,,,,,,,,,,,,,,0.0
"Kingsport-Bristol, TN-VA Metro Area",0.22682048356176088,0.664676863469466,0.26124196377482334,0.22682048356176088,,,,,,,,,,,,0.38424643693535004
"Kingston, NY Metro Area",0.0,,,,,,,,,,,,,,,0.0
"Knoxville, TN Metro Area",0.0,,,,,,,,,,,,,,,0.0
"Kokomo, IN Metro Area",0.0,,,,,,,,,,,,,,,0.0
"La Crosse-Onalaska, WI-MN Metro Area",0.0,,,,,,,,,,,,,,,0.0
"Lafayette, LA Metro Area",0.1872756213688469,0.2531573546296014,0.1872756213688468,,,,,,,,,,,,,0.0
"Lafayette-West Lafayette, IN Metro Area",0.0,,,,,,,,,,,,,,,0.0
"Lake Charles, LA Metro Area",0.0,,,,,,,,,,,,,,,0.0
"Lake Havasu City-Kingman, AZ Metro Area",0.3127841747859462,0.3127841747859462,,,,,,,,,,,,,,0.0
"Lakeland-Winter Haven, FL Metro Area",0.16240867437312934,0.046658751971897394,0.09869863647883725,0.16240867437312934,,,,,,,,,,,,0.10258868760795466
"Lancaster, PA Metro Area",0.09846474747319822,0.09846474747319822,,,,,,,,,,,,,,0.0
"Lansing-East Lansing, MI Metro Area",0.03840030742204659,0.03840030742204659,,,,,,,,,,,,,,0.0
"Laredo, TX Metro Area",0.0890066908888757,0.0890066908888757,,,,,,,,,,,,,,0.0
"Las Cruces, NM Metro Area",0.07242373049786344,0.07242373049786344,,,,,,,,,,,,,,0.0
"Las Vegas-Henderson-Paradise, NV Metro Area",0.3984664172060295,0.7482591955435406,0.6583643421134356,0.6423994247766798,0.6463348434593709,0.650713176169794,0.5782033062028781,0.5123867078782136,0.4620597721812293,0.4287384740499194,0.4117252838629357,0.4027705739436679,0.3984664172060296,,,0.6830076541445521
"Lawrence, KS Metro Area",0.0,,,,,,,,,,,,,,,0.0
"Lawton, OK Metro Area",0.0,,,,,,,,,,,,,,,0.0
"Lebanon, PA Metro Area",0.06762357222278381,0.06762357222278381,,,,,,,,,,,,,,0.0
"Lewiston, ID-WA Metro Area",0.126345343940103,0.126345343940103,,,,,,,,,,,,,,0.0
"Lewiston-Auburn, ME Metro Area",0.0,,,,,,,,,,,,,,,0.0
"Lexington-Fayette, KY Metro Area",0.13528169591022,0.8809861266319605,0.17857958907564875,0.12625984662331102,0.13528169591022,,,,,,,,,,,0.39527518744364015
"Lima, OH Metro Area",0.0,,,,,,,,,,,,,,,0.0
"Lincoln, NE Metro Area",0.0,,,,,,,,,,,,,,,0.0
"Little Rock-North Little Rock-Conway, AR Metro Area",0.24757872296854733,0.4521022360830116,0.2772868903493837,0.24757872296854733,,,,,,,,,,,,0.3256559498003142
"Logan, UT-ID Metro Area",0.0,,,,,,,,,,,,,,,0.0
"Longview, TX Metro Area",0.041814026878502664,0.041814026878502664,,,,,,,,,,,,,,0.0
"Longview, WA Metro Area",0.0,,,,,,,,,,,,,,,0.0
"Los Angeles-Long Beach-Anaheim, CA Metro Area",0.6545656044414956,0.1371331463918779,0.16258382490577583,0.22189222931132935,0.2766699903972093,0.32075781369370315,0.35720801482268294,0.38691412206053666,0.4129890039165144,0.4363688441225597,0.45724362413016584,0.4755325168909723,0.4915892951309083,0.5063670918441889,0.5200037923465392,0.1738697335363277
"Louisville/Jefferson County, KY-IN Metro Area",0.15113968768182118,0.026650568656966023,0.07848960572818886,0.15113968768182118,,,,,,,,,,,,0.08542662068899202
"Lubbock, TX Metro Area",0.2914912262123145,0.2853213112248797,0.28551616649372413,0.2914912262123145,,,,,,,,,,,,0.2874429013103061
"Lynchburg, VA Metro Area",0.0,,,,,,,,,,,,,,,0.0
"Macon-Bibb County, GA Metro Area",0.0,,,,,,,,,,,,,,,0.0
"Madera, CA Metro Area",0.0,,,,,,,,,,,,,,,0.0
"Madison, WI Metro Area",0.0,,,,,,,,,,,,,,,0.0
"Manchester-Nashua, NH Metro Area",0.0,,,,,,,,,,,,,,,0.0
"Manhattan, KS Metro Area",0.0,,,,,,,,,,,,,,,0.0
"Mankato, MN Metro Area",0.0,,,,,,,,,,,,,,,0.0
"Mansfield, OH Metro Area",0.13443730582451063,0.13443730582451063,,,,,,,,,,,,,,0.0
"McAllen-Edinburg-Mission, TX Metro Area",0.030020430570805168,0.030020430570805168,,,,,,,,,,,,,,0.0
"Medford, OR Metro Area",0.0,,,,,,,,,,,,,,,0.0
"Memphis, TN-MS-AR Metro Area",0.07488162530186071,0.024652376345175142,0.07488162530186071,,,,,,,,,,,,,0.0
"Merced, CA Metro Area",0.2708154419617861,0.2931125643523028,0.2708154419617861,,,,,,,,,,,,,0.0
"Miami-Fort Lauderdale-Pompano Beach, FL Metro Area",0.5914351654408603,0.4475430161648276,0.40757534727450506,0.3692011009553937,0.36411151685948306,0.37905556398271156,0.3989028523469651,0.41646061864487915,0.4273068358510953,0.43934502514432583,0.4517024767673904,0.4641613425777964,0.4764505481709822,0.4883203732255077,0.4995585900055367,0.40810648813157546
"Michigan City-La Porte, IN Metro Area",0.08193862025457377,0.08193862025457377,,,,,,,,,,,,,,0.0
"Midland, MI Metro Area",0.0,,,,,,,,,,,,,,,0.0
"Midland, TX Metro Area",0.0,,,,,,,,,,,,,,,0.0
"Milwaukee-Waukesha, WI Metro Area",0.6434325200985171,0.7894386308364532,0.6434325200985171,,,,,,,,,,,,,0.0
"Minneapolis-St. Paul-Bloomington, MN-WI Metro Area",0.20521503268333896,0.01159624730673725,0.06638383500874878,0.1409961602853803,0.20521503268333896,,,,,,,,,,,0.07299208086695545
"Missoula, MT Metro Area",0.0,,,,,,,,,,,,,,,0.0
"Mobile, AL Metro Area",0.011938842199250677,0.011938842199250677,,,,,,,,,,,,,,0.0
"Modesto, CA Metro Area",0.32976092375474264,0.6540431622161124,0.5100367339134382,0.32976092375474264,,,,,,,,,,,,0.49794693996143113
"Monroe, LA Metro Area",0.1993206299803174,0.20133108430200575,0.1993206299803174,,,,,,,,,,,,,0.0
"Monroe, MI Metro Area",0.0,,,,,,,,,,,,,,,0.0
"Montgomery, AL Metro Area",0.0,,,,,,,,,,,,,,,0.0
"Morgantown, WV Metro Area",0.0,,,,,,,,,,,,,,,0.0
"Morristown, TN Metro Area",0.0,,,,,,,,,,,,,,,0.0
"Mount Vernon-Anacortes, WA Metro Area",0.0,,,,,,,,,,,,,,,0.0
"Muncie, IN Metro Area",0.0,,,,,,,,,,,,,,,0.0
"Muskegon, MI Metro Area",0.0,,,,,,,,,,,,,,,0.0
"Myrtle Beach-Conway-North Myrtle Beach, SC-NC Metro Area",0.29324280112052314,0.10057421263267796,0.13917866004574342,0.19693180323196136,0.2487951042121772,0.29324280112052314,,,,,,,,,,0.14556155863679424
"Napa, CA Metro Area",0.0,,,,,,,,,,,,,,,0.0
"Naples-Marco Island, FL Metro Area",0.1852756082492395,0.17832794160896182,0.1852756082492395,,,,,,,,,,,,,0.0
"Nashville-Davidson--Murfreesboro--Franklin, TN Metro Area",0.2815015512247959,0.8017200100806452,0.45515658524991875,0.34170460517344414,0.28659459086630024,0.2658400826143845,0.2693624150143499,0.2815015512247959,,,,,,,,0.5328604001680027
"New Bern, NC Metro Area",0.0,,,,,,,,,,,,,,,0.0
"New Haven-Milford, CT Metro Area",0.20620722109342338,0.2983752299202943,0.18573008810702374,0.20620722109342338,,,,,,,,,,,,0.2301041797069138
"New Orleans-Metairie, LA Metro Area",0.3393309009064621,0.2582345436428485,0.2984515515768994,0.2723432580315793,0.2874912449023025,0.3120645365836391,0.3393309009064619,,,,,,,,,0.2763431177504424
"New York-Newark-Jersey City, NY-NJ-PA Metro Area",0.48582492917374165,0.9140946870394456,0.31085475101126114,0.1832015857987237,0.17011560397999415,0.18277492610931612,0.205261125535817,0.22897374609992527,0.25299809887504465,0.27539610171818174,0.2968151125865458,0.3169116969971535,0.3357950060123074,0.35320521122705506,0.3692493007931692,0.46938367461647684
"Niles, MI Metro Area",0.1361554720526068,0.1361554720526068,,,,,,,,,,,,,,0.0
"North Port-Sarasota-Bradenton, FL Metro Area",0.21589568689204763,0.6958167621410589,0.21589568689204763,,,,,,,,,,,,,0.0
"Norwich-New London, CT Metro Area",0.0,,,,,,,,,,,,,,,0.0
"Ocala, FL Metro Area",0.0,,,,,,,,,,,,,,,0.0
"Odessa, TX Metro Area",0.0,,,,,,,,,,,,,,,0.0
"Ogden-Clearfield, UT Metro Area",0.34883997590501614,0.46739130434782605,0.3356597233688968,0.33905169549066194,0.33824042340014826,0.34883997590501614,,,,,,,,,,0.38070090773579496
"Oklahoma City, OK Metro Area",0.2822203716045315,0.8064319119209564,0.2820583855979705,0.18644080820379005,0.18623942378312475,0.20541966824940472,0.23156006858910227,0.2571968070206705,0.2822203716045315,,,,,,,0.4249770352409057
"Olympia-Lacey-Tumwater, WA Metro Area",0.0,,,,,,,,,,,,,,,0.0
"Omaha-Council Bluffs, NE-IA Metro Area",0.17638518592294017,0.07479058325288823,0.10956584779562029,0.17638518592294017,,,,,,,,,,,,0.12024720565714957
"Orlando-Kissimmee-Sanford, FL Metro Area",0.35976636520588856,0.5633810729750988,0.3683691242181215,0.2995189770474693,0.29455463703436313,0.30239394427039057,0.3193060944781271,0.3394631917291263,0.35976636520588856,,,,,,,0.4104230580802299
"Oshkosh-Neenah, WI Metro Area",0.0,,,,,,,,,,,,,,,0.0
"Owensboro, KY Metro Area",0.0,,,,,,,,,,,,,,,0.0
"Oxnard-Thousand Oaks-Ventura, CA Metro Area",0.0,,,,,,,,,,,,,,,0.0
"Palm Bay-Melbourne-Titusville, FL Metro Area",0.2329475737530191,0.17042574103771146,0.1977930608938242,0.2329475737530191,,,,,,,,,,,,0.2003887918948516
"Panama City, FL Metro Area",0.0,,,,,,,,,,,,,,,0.0
"Parkersburg-Vienna, WV Metro Area",0.0,,,,,,,,,,,,,,,0.0
"Pensacola-Ferry Pass-Brent, FL Metro Area",0.048827691233858994,0.048827691233858994,,,,,,,,,,,,,,0.0
"Peoria, IL Metro Area",0.08158340333053349,0.08158340333053349,,,,,,,,,,,,,,0.0
"Philadelphia-Camden-Wilmington, PA-NJ-DE-MD Metro Area",0.341002339617409,0.31527732094065386,0.18174176230702865,0.19510125426646607,0.23298077677005602,0.2722896605835965,0.3086046990225777,0.341002339617409,,,,,,,,0.23070677917138285
"Phoenix-Mesa-Chandler, AZ Metro Area",0.5741149866232725,0.3990387481524271,0.27630781340468236,0.29183768447400693,0.2971322038183374,0.3171912356290276,0.3395985430163093,0.3631081106299213,0.3856721504505408,0.4068760547094872,0.4264812978711997,0.4445274884360424,0.46117377108171476,0.4765513773324148,0.4907750968282659,0.3223947486770388
"Pine Bluff, AR Metro Area",0.0,,,,,,,,,,,,,,,0.0
"Pittsburgh, PA Metro Area",0.4079567821999788,0.037113342020777096,0.08325941282080551,0.15395989979036173,0.21614132085139526,0.2683672846157671,0.3120239643325875,0.3489192911774954,0.3804846790433445,0.4079567821999788,,,,,,0.09144421821064812
"Pittsfield, MA Metro Area",0.0,,,,,,,,,,,,,,,0.0
"Pocatello, ID Metro Area",0.0,,,,,,,,,,,,,,,0.0
"Port St. Lucie, FL Metro Area",0.19291365203867739,0.19291365203867739,,,,,,,,,,,,,,0.0
"Portland-South Portland, ME Metro Area",0.0,,,,,,,,,,,,,,,0.0
"Portland-Vancouver-Hillsboro, OR-WA Metro Area",0.4662614554554927,0.2083896921845565,0.2301954352774257,0.28206636292831244,0.3048448982818487,0.33096754858048827,0.3584392084209269,0.38445482253816055,0.4081888899623982,0.4293213768473947,0.4486344047742682,0.4662614554554927,,,,0.24021716346343155
"Poughkeepsie-Newburgh-Middletown, NY Metro Area",0.2797266369523733,0.8060776086794608,0.8008061675918041,0.40943505479553866,0.32249666130529764,0.2797266369523732,,,,,,,,,,0.6721062770222678
"Prescott Valley-Prescott, AZ Metro Area",0.0,,,,,,,,,,,,,,,0.0
"Providence-Warwick, RI-MA Metro Area",0.2919643854531351,0.28470143093624367,0.31246245054220223,0.2876368810625395,0.2919643854531351,,,,,,,,,,,0.2949335875136618
"Provo-Orem, UT Metro Area",0.0,,,,,,,,,,,,,,,0.0
"Pueblo, CO Metro Area",0.23460092582245384,0.2526856723357396,0.20086036122064532,0.23460092582245384,,,,,,,,,,,,0.22938231979294624
"Punta Gorda, FL Metro Area",0.22464516622671105,0.22464516622671105,,,,,,,,,,,,,,0.0
"Racine, WI Metro Area",0.0,,,,,,,,,,,,,,,0.0
"Raleigh-Cary, NC Metro Area",0.1163198778400597,0.1236925531691545,0.1163198778400597,,,,,,,,,,,,,0.0
"Rapid City, SD Metro Area",0.0,,,,,,,,,,,,,,,0.0
"Reading, PA Metro Area",0.0,,,,,,,,,,,,,,,0.0
"Redding, CA Metro Area",0.0,,,,,,,,,,,,,,,0.0
"Reno, NV Metro Area",0.057287993540408255,0.057287993540408255,,,,,,,,,,,,,,0.0
"Richmond, VA Metro Area",0.16226076504397435,0.16226076504397435,,,,,,,,,,,,,,0.0
"Riverside-San Bernardino-Ontario, CA Metro Area",0.39036627169399163,0.7150992619960057,0.6566761999428152,0.5705418196272383,0.5486404908065399,0.4082618973203377,0.35492866709475357,0.3325758351488324,0.32715994683618566,0.3302443991342836,0.33778397334816945,0.3474926553357781,0.3581709522285774,0.36891913388147946,0.3799003695105495,0.647439093855353
"Roanoke, VA Metro Area",0.0,,,,,,,,,,,,,,,0.0
"Rochester, MN Metro Area",0.0,,,,,,,,,,,,,,,0.0
"Rochester, NY Metro Area",0.21382226297844487,0.02582163460752751,0.07695424460594302,0.15026396156990618,0.21382226297844487,,,,,,,,,,,0.0843466135944589
"Rockford, IL Metro Area",0.17373143981244443,0.17373143981244443,,,,,,,,,,,,,,0.0
"Rocky Mount, NC Metro Area",0.1563713519356259,0.1563713519356259,,,,,,,,,,,,,,0.0
"Rome, GA Metro Area",0.0,,,,,,,,,,,,,,,0.0
"Sacramento-Roseville-Folsom, CA Metro Area",0.5113330246634551,0.4496298185473284,0.31686963747927754,0.3176965442357065,0.3435877594225272,0.3450762256075979,0.35849042081732074,0.37635833441447664,0.3945296862366825,0.41238616393391336,0.42958088482207035,0.4457232782123485,0.46077197453540963,0.4746299454423243,0.4876390417853612,0.3613986667541041
"Saginaw, MI Metro Area",0.032530013339261865,0.032530013339261865,,,,,,,,,,,,,,0.0
"Salem, OR Metro Area",0.2545734248330659,0.15065193625512174,0.15445872425113427,0.20765911225992184,0.2545734248330659,,,,,,,,,,,0.17092325758872595
"Salinas, CA Metro Area",0.3460471110473128,0.17452821908189242,0.2122971980655518,0.26083430244536243,0.30768358543794116,0.3460471110473128,,,,,,,,,,0.2158865731976022
"Salisbury, MD-DE Metro Area",0.12712340222648766,0.07820578285568391,0.12712340222648766,,,,,,,,,,,,,0.0
"Salt Lake City, UT Metro Area",0.32419949309816076,0.5492422711658921,0.32419949309816076,,,,,,,,,,,,,0.0
"San Angelo, TX Metro Area",0.0,,,,,,,,,,,,,,,0.0
"San Antonio-New Braunfels, TX Metro Area",0.32836547732353816,0.2498647745712559,0.2396860751872094,0.2747355183687985,0.3100061856941956,0.32836547732353816,,,,,,,,,,0.25476212270908793
"San Diego-Chula Vista-Carlsbad, CA Metro Area",0.41264864100475507,0.8605486497082632,0.42944724202386053,0.39744516370933314,0.40725604271504356,0.40272073943664266,0.4050705031675903,0.3781177680072322,0.36819264630551485,0.36780490385737263,0.3710879034770894,0.3768831238254793,0.38472655980216497,0.39358093387221316,0.40303541448094393,0.562480351813819
"San Francisco-Oakland-Berkeley, CA Metro Area",0.4535608812378461,0.029846605167355933,0.08111072543912212,0.1524316575017718,0.21504676919938182,0.26731765768105165,0.31092323669104494,0.3479881309853927,0.3798644545926646,0.40758475286579887,0.4319701510041033,0.4535608812378461,,,,0.08779632936941661
"San Jose-Sunnyvale-Santa Clara, CA Metro Area",0.3730726764961284,0.32303974920454726,0.2526501683963539,0.264855058960072,0.2866054861274877,0.3166649094893973,0.3458406852197652,0.3730726764961284,,,,,,,,0.2801816588536577
"San Luis Obispo-Paso Robles, CA Metro Area",0.0,,,,,,,,,,,,,,,0.0
"Santa Cruz-Watsonville, CA Metro Area",0.6417081081081082,0.6417081081081082,,,,,,,,,,,,,,0.0
"Santa Fe, NM Metro Area",0.0,,,,,,,,,,,,,,,0.0
"Santa Maria-Santa Barbara, CA Metro Area",0.36097144223839406,0.46163826442775513,0.46695772792941825,0.37982989863175265,0.36097144223839406,,,,,,,,,,,0.4361419636629753
"Santa Rosa-Petaluma, CA Metro Area",0.3478092452971182,0.392888860355878,0.3938832447838265,0.3478092452971182,,,,,,,,,,,,0.3781937834789409
"Savannah, GA Metro Area",0.0,,,,,,,,,,,,,,,0.0
"Scranton--Wilkes-Barre, PA Metro Area",0.31529515168829825,0.5356165917489162,0.4819353357439451,0.31529515168829825,,,,,,,,,,,,0.44428235972705316
"Seattle-Tacoma-Bellevue, WA Metro Area",0.15122530718282323,0.02234350831950549,0.07809735427473619,0.15122530718282323,,,,,,,,,,,,0.08388872325902164
"Sebastian-Vero Beach, FL Metro Area",0.0,,,,,,,,,,,,,,,0.0
"Sebring-Avon Park, FL Metro Area",0.28825420843578586,0.28825420843578586,,,,,,,,,,,,,,0.0
"Sheboygan, WI Metro Area",0.0,,,,,,,,,,,,,,,0.0
"Sherman-Denison, TX Metro Area",0.0,,,,,,,,,,,,,,,0.0
"Shreveport-Bossier City, LA Metro Area",0.07510815629794465,0.07510815629794465,,,,,,,,,,,,,,0.0
"Sierra Vista-Douglas, AZ Metro Area",0.0,,,,,,,,,,,,,,,0.0
"Sioux City, IA-NE-SD Metro Area",0.1409397800283132,0.1409397800283132,,,,,,,,,,,,,,0.0
"Sioux Falls, SD Metro Area",0.3792224262520312,0.3792224262520312,,,,,,,,,,,,,,0.0
"South Bend-Mishawaka, IN-MI Metro Area",0.0,,,,,,,,,,,,,,,0.0
"Spartanburg, SC Metro Area",0.0,,,,,,,,,,,,,,,0.0
"Spokane-Spokane Valley, WA Metro Area",0.08701044007414982,0.03628368325343034,0.08701044007414982,,,,,,,,,,,,,0.0
"Springfield, IL Metro Area",0.0,,,,,,,,,,,,,,,0.0
"Springfield, MA Metro Area",0.19608744889490337,0.23393944414530088,0.19608744889490337,,,,,,,,,,,,,0.0
"Springfield, MO Metro Area",0.0,,,,,,,,,,,,,,,0.0
"Springfield, OH Metro Area",0.0,,,,,,,,,,,,,,,0.0
"St. Cloud, MN Metro Area",0.0,,,,,,,,,,,,,,,0.0
"St. George, UT Metro Area",0.5082415351720031,0.5082415351720031,,,,,,,,,,,,,,0.0
"St. Joseph, MO-KS Metro Area",0.0,,,,,,,,,,,,,,,0.0
"St. Louis, MO-IL Metro Area",0.35398336917388074,0.10968270240151212,0.11610855519894658,0.17420141758762153,0.23069906922965544,0.27823004570974863,0.3189405472471276,0.35398336917388074,,,,,,,,0.13333089172936008
"State College, PA Metro Area",0.0,,,,,,,,,,,,,,,0.0
"Stockton, CA Metro Area",0.23140218782802702,0.5528384763029677,0.23140218782802702,,,,,,,,,,,,,0.0
"Syracuse, NY Metro Area",0.08286230367615544,0.032914746639779335,0.08286230367615544,,,,,,,,,,,,,0.0
"Tallahassee, FL Metro Area",0.0,,,,,,,,,,,,,,,0.0
"Tampa-St. Petersburg-Clearwater, FL Metro Area",0.49585736093335975,0.39716249045602836,0.2638075432153313,0.26213776138979705,0.2853029913230324,0.3159132718987224,0.34528951742190783,0.3715668470856367,0.39418417772584613,0.4151463753704764,0.4342731437208647,0.451912633495551,0.4678596380704676,0.4823784182953408,0.49585736093335975,0.3077025983537189
"Terre Haute, IN Metro Area",0.09347130911474366,0.09347130911474366,,,,,,,,,,,,,,0.0
"Texarkana, TX-AR Metro Area",0.0,,,,,,,,,,,,,,,0.0
"Toledo, OH Metro Area",0.21671320978933206,0.164629264503794,0.1946320879781518,0.21671320978933206,,,,,,,,,,,,0.1919915207570926
"Topeka, KS Metro Area",0.03538151599093431,0.03538151599093431,,,,,,,,,,,,,,0.0
"Trenton-Princeton, NJ Metro Area",0.24417234786303332,0.24417234786303332,,,,,,,,,,,,,,0.0
"Tucson, AZ Metro Area",0.23954990813104782,0.4753850406554949,0.2299549878577135,0.2155756277485421,0.23954990813104782,,,,,,,,,,,0.3069718854205835
"Tulsa, OK Metro Area",0.04884002230865614,0.04884002230865614,,,,,,,,,,,,,,0.0
"Tuscaloosa, AL Metro Area",0.03695618476800666,0.03695618476800666,,,,,,,,,,,,,,0.0
"Twin Falls, ID Metro Area",0.17166479416933134,0.17166479416933134,,,,,,,,,,,,,,0.0
"Tyler, TX Metro Area",0.0,,,,,,,,,,,,,,,0.0
"Utica-Rome, NY Metro Area",0.04491030116080852,0.04491030116080852,,,,,,,,,,,,,,0.0
"Valdosta, GA Metro Area",0.0,,,,,,,,,,,,,,,0.0
"Vallejo, CA Metro Area",0.26138083387168165,0.30515160353903636,0.23388155530100319,0.26138083387168165,,,,,,,,,,,,0.2668046642372404
"Victoria, TX Metro Area",0.0,,,,,,,,,,,,,,,0.0
"Vineland-Bridgeton, NJ Metro Area",0.0,,,,,,,,,,,,,,,0.0
"Virginia Beach-Norfolk-Newport News, VA-NC Metro Area",0.19640674169886918,0.7884189988972339,0.21207021160015083,0.1637275312600065,0.17297265166037123,0.19640674169886918,,,,,,,,,,0.38807224725246375
"Visalia, CA Metro Area",0.20337634558854656,0.8802567564125423,0.27393065801284855,0.21671489504865094,0.20337634558854656,,,,,,,,,,,0.4569674364913472
"Waco, TX Metro Area",0.0,,,,,,,,,,,,,,,0.0
"Walla Walla, WA Metro Area",0.3200890764181903,0.3200890764181903,,,,,,,,,,,,,,0.0
"Warner Robins, GA Metro Area",0.0,,,,,,,,,,,,,,,0.0
"Washington-Arlington-Alexandria, DC-VA-MD-WV Metro Area",0.5413943532638392,0.29514977287812894,0.28651521581595796,0.3118883292700755,0.3219560415544015,0.34293277265846955,0.3675859332802711,0.3919105506342385,0.4137286874655972,0.433581707773391,0.45107538757423193,0.46697846166088697,0.48175540335463385,0.4954793146017108,0.5080876817239253,0.29785110598805414
"Waterloo-Cedar Falls, IA Metro Area",0.284080641517958,0.284080641517958,,,,,,,,,,,,,,0.0
"Watertown-Fort Drum, NY Metro Area",0.27870579970337994,0.27870579970337994,,,,,,,,,,,,,,0.0
"Wausau-Weston, WI Metro Area",0.0,,,,,,,,,,,,,,,0.0
"Weirton-Steubenville, WV-OH Metro Area",0.3045868556384904,0.4958541766600425,0.3045868556384904,,,,,,,,,,,,,0.0
"Wenatchee, WA Metro Area",0.0,,,,,,,,,,,,,,,0.0
"Wheeling, WV-OH Metro Area",0.0,,,,,,,,,,,,,,,0.0
"Wichita Falls, TX Metro Area",0.0,,,,,,,,,,,,,,,0.0
"Wichita, KS Metro Area",0.17561275857202263,0.06599600358299451,0.11525858122059296,0.17561275857202263,,,,,,,,,,,,0.11895578112520337
"Williamsport, PA Metro Area",0.0,,,,,,,,,,,,,,,0.0
"Wilmington, NC Metro Area",0.062068383521568515,0.062068383521568515,,,,,,,,,,,,,,0.0
"Winchester, VA-WV Metro Area",0.0,,,,,,,,,,,,,,,0.0
"Winston-Salem, NC Metro Area",0.0,,,,,,,,,,,,,,,0.0
"Worcester, MA-CT Metro Area",0.07976078606736048,0.030027061218676376,0.07976078606736048,,,,,,,,,,,,,0.0
"Yakima, WA Metro Area",0.17567005567320337,0.15059729644765796,0.17567005567320337,,,,,,,,,,,,,0.0
"York-Hanover, PA Metro Area",0.0,,,,,,,,,,,,,,,0.0
"Youngstown-Warren-Boardman, OH-PA Metro Area",0.38713214599044876,0.21306276963164172,0.250613643019611,0.27524601741532395,0.3059541798191655,0.33667790705731426,0.36303305978982703,0.38713214599044876,,,,,,,,0.24630747668885888
"Yuba City, CA Metro Area",0.23333528242310841,0.23333528242310841,,,,,,,,,,,,,,0.0
"Yuma, AZ Metro Area",0.0,,,,,,,,,,,,,,,0.0
